Title,Year,Genre,Director,Actors,imdbRating,imdbID,Runtime,Poster,totalSeasons,Country,rating,status,myComment,remember
Infernal Affairs,2002,"Action, Crime, Drama","Andrew Lau, Alan Mak","Andy Lau, Tony Leung Chiu-wai, Anthony Chau-Sang Wong",8,tt0338564,101 min,https://m.media-amazon.com/images/M/MV5BODMzOGVmZDktMGNjNS00NzJkLWJiZGUtNTU1YTIyMzI4Njc4XkEyXkFqcGdeQXVyNDgyODgxNjE@._V1_SX300.jpg,undefined,Hong Kong,6.5,undefined,,true
Operation Napoleon,2023,"Action, Adventure, Thriller",Óskar Thór Axelsson,"Vivian Ólafsdóttir, Jack Fox, Iain Glen",6,tt15485390,102 min,https://m.media-amazon.com/images/M/MV5BZWIwYzQ2Y2YtOTcxMy00MjA1LWFlYzEtM2ExZjJjODA1YzY0XkEyXkFqcGdeQXVyMTA2MDU0NjM5._V1_SX300.jpg,undefined,"Iceland, Germany",5,undefined,,true
Godzilla Minus One,2023,"Action, Adventure, Drama",Takashi Yamazaki,"Minami Hamabe, Sakura Andô, Ryunosuke Kamiki",8.3,tt23289160,124 min,https://m.media-amazon.com/images/M/MV5BOTI5MjNjMTMtN2NiNC00YjBlLTgzMWQtMGRhZDZkYmY1NGU2XkEyXkFqcGdeQXVyNTgyNTA4MjM@._V1_SX300.jpg,undefined,Japan,6.5,undefined,,true
Hard Days,2023,"Crime, Drama, Thriller",Michihito Fujii,"Gô Ayano, Akira Emoto, Ryôko Hirosue",6,tt26594589,118 min,https://m.media-amazon.com/images/M/MV5BMDIyZWZkMWMtNjVlZC00ZWQ2LTg3ODYtMWE2ZTUwZTZmZDNjXkEyXkFqcGdeQXVyNjE4OTY3NTg@._V1_SX300.jpg,undefined,Japan,7.5,undefined,,true
Lesson in Murder,2022,"Crime, Mystery",Kazuya Shiraishi,"Sadao Abe, Shimako Iwai, Takanori Iwata",6.3,tt18815700,128 min,https://m.media-amazon.com/images/M/MV5BNmI3ZDhhYzctYjJkYS00ZmQzLWIwYzgtN2Y2OWRjZTE2Yjg0XkEyXkFqcGdeQXVyNjE4OTY3NTg@._V1_SX300.jpg,undefined,Japan,6.5,undefined,,true
A Day,2017,"Drama, Mystery, Thriller","Sun-ho Cho, Jo Seon-Ho, Jo Sun-Ho","Kim Myung-min, Byun Yo-han, Shin Hye-sun",6.8,tt6890376,90 min,https://m.media-amazon.com/images/M/MV5BOGY5N2E3YzMtMDBlMy00YTQ1LWE4MjAtZTMyZWNhYWIwNDhkXkEyXkFqcGdeQXVyNDcyMjQ4MzU@._V1_SX300.jpg,undefined,South Korea,7.5,undefined,,true
Badland Hunters,2024,"Action, Adventure, Drama",Heo Myeong Haeng,"Ma Dong-seok, No Jeong-ee, Lee Joon-young",6,tt29722855,107 min,https://m.media-amazon.com/images/M/MV5BYTNiYmEyNmMtMzI4OS00OWEyLTg2N2EtNTE1YzgxZmNiOTA4XkEyXkFqcGdeQXVyMTEzMTI1Mjk3._V1_SX300.jpg,undefined,South Korea,7,undefined,,true
Concrete Utopia,2023,"Action, Adventure, Drama",Tae-hwa Eom,"Park Seo-joon, Lee Byung-hun, Park Bo-young",6.7,tt13086266,130 min,https://m.media-amazon.com/images/M/MV5BNGM2ZTdmNDItMzk1Zi00NjAxLWE5MmUtNTFjMDg1YThkZDA1XkEyXkFqcGdeQXVyNjI4NDY5ODM@._V1_SX300.jpg,undefined,South Korea,7,undefined,,true
Dead Man,2024,"Crime, Mystery, Thriller",Ha Joon Won,"Lee Chang-won, Sooyoung Choi, Han Dong Gyu",N/A,tt30830309,109 min,https://m.media-amazon.com/images/M/MV5BZWNjYTg1NjMtMWMyZS00NjQ1LWEwNGYtNTQ3MTA5MzkxNTliXkEyXkFqcGdeQXVyNjI4NDY5ODM@._V1_SX300.jpg,undefined,South Korea,6,undefined,,true
Decision to Leave,2022,"Crime, Drama, Mystery",Park Chan-wook,"Park Hae-il, Tang Wei, Lee Jung-hyun",7.3,tt12477480,139 min,https://m.media-amazon.com/images/M/MV5BOTEzYTljMTMtODU0ZC00ZWI0LTlhOGEtYjE3MjI3NTI1YmNhXkEyXkFqcGdeQXVyNjgxODk1MTM@._V1_SX300.jpg,undefined,South Korea,6,undefined,,true
Deliver Us from Evil,2020,"Action, Crime, Thriller",Won-Chan Hong,"Hwang Jung-min, Lee Jung-jae, Jeong Min Park",6.8,tt12763920,108 min,https://m.media-amazon.com/images/M/MV5BMjczMWRhMWMtNDUzMC00MjY0LWJjMTMtMmYwYjY5Mzc5MTRmXkEyXkFqcGdeQXVyMjY3NDMzMzU@._V1_SX300.jpg,undefined,South Korea,6.5,undefined,,true
Dr. Cheon and Lost Talisman,2023,"Crime, Fantasy, Horror",Kim Seong-sik,"Gang Dong-won, Huh Joon-ho, Esom",5.8,tt29005755,98 min,https://m.media-amazon.com/images/M/MV5BN2RlOTUwNzMtMjVmZS00ZGFkLTkxOTktZmM5MjZlYmFjZjQ0XkEyXkFqcGdeQXVyNjI4NDY5ODM@._V1_SX300.jpg,undefined,South Korea,6.5,undefined,,true
Exhuma,2024,"Horror, Mystery, Thriller",Jang Jae-hyun,"Kim Go-eun, Lee Do-hyun, Choi Min-sik",6.9,tt27802490,134 min,https://m.media-amazon.com/images/M/MV5BMzczMmQ0NTItM2JkZi00MTRhLTg5OGMtZWEyZTE2ZDgwM2FjXkEyXkFqcGdeQXVyMTU1MDczNjU1._V1_SX300.jpg,undefined,South Korea,6,undefined,,true
Fabricated City,2017,"Action, Crime, Thriller",Kwang-Hyun Park,"Ji Chang-wook, Shim Eun-kyung, Ahn Jae-hong",6.8,tt6399158,126 min,https://m.media-amazon.com/images/M/MV5BOTFhZjdlZTMtNDBjMC00MDdlLThkNmItMTM2ZjM3NDNjNGM5XkEyXkFqcGdeQXVyMTA4NjE0NjEy._V1_SX300.jpg,undefined,South Korea,8,undefined,,true
Flu,2013,"Action, Crime, Drama",Kim Sung-su,"Jang Hyuk, Soo Ae, Min-ah Park",6.6,tt2351310,122 min,https://m.media-amazon.com/images/M/MV5BMTQ4NzI2OTg5NV5BMl5BanBnXkFtZTgwNjQ3MDgyMjE@._V1_SX300.jpg,undefined,South Korea,6.5,undefined,,true
Gentleman,2022,"Action, Crime",Kim Kyung Won,"Park Sung-woong, Choi Sung-eun, Lee Dal",5.7,tt24670346,123 min,https://m.media-amazon.com/images/M/MV5BNjhmNWZlNzctZTJhMy00MzcxLWFkOTQtYTQxNTVlMTc2M2MzXkEyXkFqcGdeQXVyMDM1MzY1Mg@@._V1_SX300.jpg,undefined,South Korea,7,undefined,,false
Hard Hit,2021,"Action, Crime, Drama",Changju Kim,"Ji Chang-wook, Haerry Kim, Ji-ho Kim",6.2,tt14980972,94 min,https://m.media-amazon.com/images/M/MV5BYzNjMjc2YjEtODY3Zi00ZjliLTliMWQtOGNjYTRhZDQyYWU3XkEyXkFqcGdeQXVyNTA2Mjk2MTk@._V1_SX300.jpg,undefined,South Korea,7.5,undefined,,true
Midnight,2021,"Crime, Thriller",Oh-Seung Kwon,"Wi Ha-joon, Park Hoon, Jin Ki-joo",6.4,tt14757872,103 min,https://m.media-amazon.com/images/M/MV5BNGNlMDZjYmMtNjhiYy00ZGViLWFhODItY2FkMDk3NGVhYzJlXkEyXkFqcGdeQXVyMTM1MTE1NDMx._V1_SX300.jpg,undefined,South Korea,6,undefined,,true
Mission Cross,2024,"Action, Comedy, Crime",Lee Myung Hoon,"Hwang Jung-min, Kim Joo-hun, Yum Jung-ah",N/A,tt30515931,100 min,https://m.media-amazon.com/images/M/MV5BYmJmZTMwNTUtY2MxNy00YjQzLTk1YWYtZTE5ZmE0Y2ViODk4XkEyXkFqcGc@._V1_SX300.jpg,undefined,South Korea,5.5,undefined,,true
Parasite,2019,"Drama, Thriller",Bong Joon Ho,"Song Kang-ho, Lee Sun-kyun, Cho Yeo-jeong",8.5,tt6751668,132 min,https://m.media-amazon.com/images/M/MV5BYWZjMjk3ZTItODQ2ZC00NTY5LWE0ZDYtZTI3MjcwN2Q5NTVkXkEyXkFqcGdeQXVyODk4OTc3MTY@._V1_SX300.jpg,undefined,South Korea,10,undefined,,false
Sinkhole,2021,"Action, Comedy, Drama",Ji-hoon Kim,"Cha Seung-won, Kim Seong-gyoon, Lee Kwang-soo",6.2,tt12664618,117 min,https://m.media-amazon.com/images/M/MV5BMTBjNDRmNTktYWY1Ny00ODE4LTk5MjEtNGQ4OWFmZDZlZTVlXkEyXkFqcGdeQXVyMTEwODEzNTU@._V1_SX300.jpg,undefined,South Korea,6.5,undefined,,true
Sleep,2023,"Comedy, Horror, Mystery",Jason Yu,"Kim Gook Hee, Yoon Kyung-ho, Lee Sun-kyun",6.6,tt8209702,95 min,https://m.media-amazon.com/images/M/MV5BMjRmNWNiZjktZjI3Ny00OTg4LThhNjQtMzEzMTMzYzdiYzVhXkEyXkFqcGdeQXVyODc5Mjc4Nzg@._V1_SX300.jpg,undefined,South Korea,6.5,undefined,,true
Smugglers,2023,"Action, Crime",Ryu Seung-wan,"Kim Hye-su, Lee Do-Goon, Zo In-sung",6.3,tt28106766,129 min,https://m.media-amazon.com/images/M/MV5BZTc4ZWExZGEtYmM5YS00YjU1LThlZjUtYjQzYTVhNmYwZWNiXkEyXkFqcGdeQXVyMTM1MTE1NDM1._V1_SX300.jpg,undefined,South Korea,7,undefined,,true
Special Delivery,2022,"Action, Crime, Thriller",Dae-min Park,"Park So-dam, Park Dae-Won, Heo Dong-won",6.4,tt16529222,109 min,https://m.media-amazon.com/images/M/MV5BZDg2NGUyODgtM2E3Yi00NmJiLWEzM2ItMjFlODNhZTk2NWM3XkEyXkFqcGdeQXVyMTQ3MjI2NDI2._V1_SX300.jpg,undefined,South Korea,6,undefined,,true
Target,2023,"Crime, Mystery, Thriller",Park Hee-kon,"Shin Hye-sun, Im Chul-soo, Keum Sae-rok",6.5,tt22507484,101 min,https://m.media-amazon.com/images/M/MV5BMjBlYWU5MTQtZTI1My00YThhLTkzYWQtZGI1MmFkMGQzMzA3XkEyXkFqcGdeQXVyODU2NTg4OTc@._V1_SX300.jpg,undefined,South Korea,6.5,undefined,,true
The Childe,2023,"Action, Drama, Thriller",Park Hoon-jung,"Kim Seon-ho, Kang Tae-Ju, Kim Kang-woo",6.9,tt27534328,118 min,https://m.media-amazon.com/images/M/MV5BN2EyYmZlMGMtZmFkOC00ODA1LTk0NjItYjFkZWYxNTRlYzdkXkEyXkFqcGdeQXVyMTA3MDk2NDg2._V1_SX300.jpg,undefined,South Korea,7,undefined,,true
The Devils Deal,2023,"Crime, Drama, Thriller",Won-Tae Lee,"Cho Jin-woong, Kim Mu-yeol, Lee Sung-min",6.2,tt15089904,116 min,https://m.media-amazon.com/images/M/MV5BYzNmMmNlNjYtMTY5YS00ZmY2LWFmZjAtNWE4NWRmYzcwNmEyXkEyXkFqcGdeQXVyNjI4NDY5ODM@._V1_SX300.jpg,undefined,South Korea,7.5,undefined,,true
The Gangster the Cop the Devil,2019,"Action, Crime, Thriller",Won-Tae Lee,"Ma Dong-seok, Kim Mu-yeol, Jeon Bae-soo",6.9,tt10208198,109 min,https://m.media-amazon.com/images/M/MV5BYTdjNDZmNjgtZTI2Mi00OWJkLWI3ODItNzA5YjQ4MTczMTdjXkEyXkFqcGdeQXVyMTMxODk2OTU@._V1_SX300.jpg,undefined,South Korea,7.5,undefined,,true
The Moon,2023,"Action, Adventure, Drama",Yong-hwa Kim,"Sol Kyung-gu, Do Kyung-soo, Kim Hee-ae",5.9,tt27688034,129 min,https://m.media-amazon.com/images/M/MV5BNzU4M2YzMzktNmJkZC00YzRmLWFkNWItZGM0YTc2NTBkNTAwXkEyXkFqcGdeQXVyMTU1MDczNjU1._V1_SX300.jpg,undefined,South Korea,6.5,undefined,,true
The Point Men,2023,"Action, Drama, Thriller",Soon-rye Yim,"Hyun Bin, Hwang Jung-min, Kang Ki-young",6,tt21111120,108 min,https://m.media-amazon.com/images/M/MV5BZTg3NGY3MDYtM2Y3OS00MjQ3LWJjYzgtMGJiZDgwYWJlZGU1XkEyXkFqcGdeQXVyNjI4NDY5ODM@._V1_SX300.jpg,undefined,South Korea,6,undefined,,true
The Witch Part 1 - The Subversion,2018,"Action, Mystery, Sci-Fi",Park Hoon-jung,"Kim Da-mi, Jo Min-soo, Choi Woo-sik",7.1,tt8574252,125 min,https://m.media-amazon.com/images/M/MV5BODc0MjJhMDYtZjYwNy00NTc2LWJjYzYtMTQ2ODY3YjEyZTZjXkEyXkFqcGdeQXVyNDcyMjQ4MzU@._V1_SX300.jpg,undefined,South Korea,6.5,undefined,,true
The Witch Part 2 - The Other One,2022,"Action, Mystery, Thriller",Park Hoon-jung,"Cynthia, Jo Min-soo, Kim Da-mi",6.3,tt13721828,137 min,https://m.media-amazon.com/images/M/MV5BNWNiZDc3NWUtNmQ5ZS00MTI0LWFjNGQtZGUwZDlmZmU0N2QyXkEyXkFqcGdeQXVyNTIxNTMxMjE@._V1_SX300.jpg,undefined,South Korea,4,undefined,,true
Train to Busan,2016,"Action, Horror, Thriller",Yeon Sang-ho,"Gong Yoo, Jung Yu-mi, Ma Dong-seok",7.6,tt5700672,118 min,https://m.media-amazon.com/images/M/MV5BMTkwOTQ4OTg0OV5BMl5BanBnXkFtZTgwMzQyOTM0OTE@._V1_SX300.jpg,undefined,South Korea,6.5,undefined,,true
Unlocked,2023,"Crime, Drama, Mystery",Kim Tae-joon,"Chun Woo-hee, Im Si-wan, Kim Hee-won",6.4,tt26160190,117 min,https://m.media-amazon.com/images/M/MV5BZDNhMTQyYzktY2NlZS00YzI0LTg3NTQtNjJhMDhmYWFmZTMyXkEyXkFqcGdeQXVyNjI4NDY5ODM@._V1_SX300.jpg,undefined,South Korea,6.5,undefined,,false
The Courier,2024,"Crime, Drama, Thriller",Daniel Calparsoro,"Arón Piper, María Pedraza, Luis Tosar",6,tt27050277,101 min,https://m.media-amazon.com/images/M/MV5BMWQzNDNjMjYtNzMyNi00OTUwLTgxOTEtZjMxMmNmODhiZTk1XkEyXkFqcGdeQXVyNjc5NjEzNA@@._V1_SX300.jpg,undefined,"Spain, Belgium, France",2,undefined,,true
Verano en rojo,2023,Thriller,Belén Macías,"Marta Nieto, Jose Coronado, Luis Callejo",5.2,tt21379326,100 min,https://m.media-amazon.com/images/M/MV5BOWQxOGMzMWEtNjhmZC00MDQ3LWJmZDEtMmQ2NmIzNTg1MzljXkEyXkFqcGdeQXVyMTkyOTE2Mjk@._V1_SX300.jpg,undefined,Spain,5,undefined,,true
1408,2007,"Fantasy, Horror, Mystery",Mikael Håfström,"John Cusack, Samuel L. Jackson, Mary McCormack",6.8,tt0450385,104 min,https://m.media-amazon.com/images/M/MV5BMjQ2ODkxMjc4OV5BMl5BanBnXkFtZTgwMTgzNzQyMTI@._V1_SX300.jpg,undefined,United States,-1,undefined,undefined,undefined
A Monster Calls,2016,"Adventure, Drama, Family",J.A. Bayona,"Lewis MacDougall, Sigourney Weaver, Felicity Jones",7.4,tt3416532,108 min,https://m.media-amazon.com/images/M/MV5BMTg1OTA5OTkyNV5BMl5BanBnXkFtZTgwODMwNDU5OTE@._V1_SX300.jpg,undefined,"United States, Spain, United Kingdom",-1,undefined,,false
Annihilation,2018,"Adventure, Drama, Horror",Alex Garland,"Natalie Portman, Jennifer Jason Leigh, Tessa Thompson",6.8,tt2798920,115 min,https://m.media-amazon.com/images/M/MV5BMTk2Mjc2NzYxNl5BMl5BanBnXkFtZTgwMTA2OTA1NDM@._V1_SX300.jpg,undefined,"United States, United Kingdom",-1,undefined,,false
Get Out,2017,"Horror, Mystery, Thriller",Jordan Peele,"Daniel Kaluuya, Allison Williams, Bradley Whitford",7.8,tt5052448,104 min,https://m.media-amazon.com/images/M/MV5BMjUxMDQwNjcyNl5BMl5BanBnXkFtZTgwNzcwMzc0MTI@._V1_SX300.jpg,undefined,"United States, Japan",6.5,undefined,,true
Godzilla x Kong The New Empire,2024,"Action, Adventure, Fantasy",Adam Wingard,"Rebecca Hall, Brian Tyree Henry, Dan Stevens",6.1,tt14539740,115 min,https://m.media-amazon.com/images/M/MV5BY2QwOGE2NGQtMWQwNi00M2IzLThlNWItYWMzNGQ5YWNiZDA4XkEyXkFqcGdeQXVyNTE1NjY5Mg@@._V1_SX300.jpg,undefined,"United States, Australia",6.5,undefined,,true
In Bruges,2008,"Comedy, Crime, Drama",Martin McDonagh,"Colin Farrell, Brendan Gleeson, Ciarán Hinds",7.9,tt0780536,107 min,https://m.media-amazon.com/images/M/MV5BMTUwOGFiM2QtOWMxYS00MjU2LThmZDMtZDM2MWMzNzllNjdhXkEyXkFqcGdeQXVyMTMxODk2OTU@._V1_SX300.jpg,undefined,"United Kingdom, United States",3,undefined,,true
Paranormal Activity,2007,"Horror, Mystery",Oren Peli,"Katie Featherston, Micah Sloat, Mark Fredrichs",6.3,tt1179904,86 min,https://m.media-amazon.com/images/M/MV5BMjY1NjcxODQ4MV5BMl5BanBnXkFtZTcwMzUxNjM4Mg@@._V1_SX300.jpg,undefined,United States,-1,undefined,,undefined
Passengers,2016,"Drama, Romance, Sci-Fi",Morten Tyldum,"Jennifer Lawrence, Chris Pratt, Michael Sheen",7,tt1355644,116 min,https://m.media-amazon.com/images/M/MV5BZjk4ZTMwMTYtOTk1NC00OTA0LWFhMGYtZTBjMzViMDY2YWZjXkEyXkFqcGdeQXVyMTMxODk2OTU@._V1_SX300.jpg,undefined,"United States, Australia",-1,undefined,,false
Sleeping Dogs,2024,"Crime, Mystery, Thriller",Adam Cooper,"Russell Crowe, Karen Gillan, Marton Csokas",6,tt8542964,110 min,https://m.media-amazon.com/images/M/MV5BNTg4NTY3ZmMtZGZhMC00NWYxLThjYmEtZGJhYjE1N2Y2YmZkXkEyXkFqcGdeQXVyNjE2MzI5ODM@._V1_SX300.jpg,undefined,"Australia, United States",7,undefined,,true
Split,2016,"Horror, Thriller",M. Night Shyamalan,"James McAvoy, Anya Taylor-Joy, Haley Lu Richardson",7.3,tt4972582,117 min,https://m.media-amazon.com/images/M/MV5BZTJiNGM2NjItNDRiYy00ZjY0LTgwNTItZDBmZGRlODQ4YThkL2ltYWdlXkEyXkFqcGdeQXVyMjY5ODI4NDk@._V1_SX300.jpg,undefined,"United States, Japan",-1,undefined,,false
The Autopsy of Jane Doe,2016,"Horror, Mystery, Thriller",André Øvredal,"Brian Cox, Emile Hirsch, Ophelia Lovibond",6.8,tt3289956,86 min,https://m.media-amazon.com/images/M/MV5BMjA2MTEzMzkzM15BMl5BanBnXkFtZTgwMjM2MTM5MDI@._V1_SX300.jpg,undefined,United Kingdom,-1,undefined,undefined,undefined
The Beekeeper,2024,"Action, Thriller",David Ayer,"Jason Statham, Emmy Raver-Lampman, Bobby Naderi",6.4,tt15314262,105 min,https://m.media-amazon.com/images/M/MV5BZjQwYjU3OTYtMWVhMi00N2Y2LWEzMDgtMzViN2U4NWI1NmI3XkEyXkFqcGdeQXVyODk2NDQ3MTA@._V1_SX300.jpg,undefined,"United States, United Kingdom",6,undefined,,true
The Black Phone,2021,"Horror, Mystery, Thriller",Scott Derrickson,"Mason Thames, Madeleine McGraw, Ethan Hawke",6.9,tt7144666,103 min,https://m.media-amazon.com/images/M/MV5BMWQxOGJlNTUtYTc1YS00NDkyLWExZjItMTFiYWEzMjAzYTdjXkEyXkFqcGdeQXVyNjk1Njg5NTA@._V1_SX300.jpg,undefined,United States,-1,undefined,,false
The Bélier Family,2014,"Comedy, Drama, Music",Éric Lartigau,"Karin Viard, François Damiens, Eric Elmosnino",7.3,tt3547740,106 min,https://m.media-amazon.com/images/M/MV5BYzBlNzNhODQtNTUyOC00NDVjLWE1ZTMtMTVmYTQyOTFlYjBhXkEyXkFqcGdeQXVyMTMxODk2OTU@._V1_SX300.jpg,undefined,"France, Belgium",3,undefined,,false
The Descent,2005,"Adventure, Horror, Thriller",Neil Marshall,"Shauna Macdonald, Natalie Mendoza, Alex Reid",7.2,tt0435625,99 min,https://m.media-amazon.com/images/M/MV5BMjA5NzQ1NTgwNV5BMl5BanBnXkFtZTcwNjUxMzUzMw@@._V1_SX300.jpg,undefined,United Kingdom,-1,undefined,undefined,undefined
The Menu,2022,"Comedy, Horror, Thriller",Mark Mylod,"Ralph Fiennes, Anya Taylor-Joy, Nicholas Hoult",7.2,tt9764362,107 min,https://m.media-amazon.com/images/M/MV5BMzdjNjI5MmYtODhiNS00NTcyLWEzZmUtYzVmODM5YzExNDE3XkEyXkFqcGdeQXVyMTAyMjQ3NzQ1._V1_SX300.jpg,undefined,United States,6.5,undefined,,true
1899,2022,"Drama, Horror, Mystery",N/A,"Emily Beecham, Aneurin Barnard, Andreas Pietschmann",7.3,tt9319668,56S min,https://m.media-amazon.com/images/M/MV5BMTU1N2I5OTgtNDE2MS00ZTdmLWJlODktNDMwMGVmNzY5NmUxXkEyXkFqcGdeQXVyMDM2NDM2MQ@@._V1_SX300.jpg,1,"Germany, United States",7,done,,true
3 Body Problem,2024–,"Adventure, Drama, Fantasy",N/A,"Jovan Adepo, Liam Cunningham, Eiza González",7.5,tt13016388,N/A,https://m.media-amazon.com/images/M/MV5BMjNiMDI5YjItNmU0Yy00NmYxLThjYmUtZDc5ODY2ZDI2NzkyXkEyXkFqcGdeQXVyMTkxNjUyNQ@@._V1_SX300.jpg,1,"United Kingdom, United States, China",7,in-progress,,true
30 Coins,2020–,"Drama, Fantasy, Horror",N/A,"Eduard Fernández, Megan Montaner, Miguel Ángel Silvestre",7.1,tt9764386,2 min,https://m.media-amazon.com/images/M/MV5BYzA4NzcwZTctNmVhOC00NWJjLWI1OWQtOTY0OTZmMGFlODY1XkEyXkFqcGdeQXVyODc0OTEyNDU@._V1_SX300.jpg,2,Spain,6.5,undecided,,false
Alice in Borderland,2020–,"Action, Drama, Mystery",N/A,"Kento Yamazaki, Tao Tsuchiya, Nijirô Murakami",7.7,tt10795658,50 min,https://m.media-amazon.com/images/M/MV5BODI0OGIxM2MtZTQ0YS00ZjhhLWE3YzYtYzE2N2JkNThmY2RkXkEyXkFqcGdeQXVyODkzMzE0Nzc@._V1_SX300.jpg,2,Japan,10,in-progress,,true
All of Us Are Dead,2022–,"Action, Drama, Fantasy",N/A,"Park Ji-hu, Yoon Chan-young, Cho Yi-hyun",7.5,tt14169960,N/A,https://m.media-amazon.com/images/M/MV5BOTY1ZGM2YzQtMTBjZC00NjE2LWJlNzUtYjA0YjYxNzBjMmRjXkEyXkFqcGdeQXVyMTEzMTI1Mjk3._V1_SX300.jpg,2,South Korea,7.5,in-progress,,true
Archiwista,2020–,"Crime, Drama",N/A,"Henryk Talar, Rafal Mohr, Miroslaw Zbrojewicz",5.8,tt11368962,43 min,https://m.media-amazon.com/images/M/MV5BY2M4NzU1YTUtYzRlNS00MjAxLWFmZDMtMTM1NDRjZDkxOWNiXkEyXkFqcGdeQXVyMTEwMTY3NDI@._V1_SX300.jpg,2,Poland,7,undecided,,false
Better Call Saul,2015–2022,"Crime, Drama",N/A,"Bob Odenkirk, Rhea Seehorn, Jonathan Banks",9,tt3032476,46 min,https://m.media-amazon.com/images/M/MV5BZDA4YmE0OTYtMmRmNS00Mzk2LTlhM2MtNjk4NzBjZGE1MmIyXkEyXkFqcGdeQXVyMTMzNDExODE5._V1_SX300.jpg,6,United States,-1,done,false,false
Black Bird,2022,"Biography, Crime, Drama",N/A,"Taron Egerton, Paul Walter Hauser, Greg Kinnear",8.1,tt4301160,N/A,https://m.media-amazon.com/images/M/MV5BZjI3NjcyN2UtMGNhZC00YTYxLWJmOTQtNWI1ZGJmNjA4ZjY5XkEyXkFqcGdeQXVyNjEwNTM2Mzc@._V1_SX300.jpg,1,United States,7.5,done,,true
Blackadder,1982–1983,Comedy,N/A,"Rowan Atkinson, Brian Blessed, Elspet Gray",8,tt0084988,195 min,https://m.media-amazon.com/images/M/MV5BMTVlMDJhOTItNGE3Mi00YTJjLWIyNWUtNTY3ZWVmYmQ2ODA5XkEyXkFqcGdeQXVyNjc5NjEzNA@@._V1_SX300.jpg,4,United Kingdom,-1,done,,false
Bodies,2023,"Crime, Drama, History",N/A,"Amaka Okafor, Kyle Soller, Shira Haas",7.3,tt18347622,N/A,https://m.media-amazon.com/images/M/MV5BMzdiYzRjZjctZDE0ZC00MGQ4LWEwYzAtZDEyNzJiYzI2YjM2XkEyXkFqcGdeQXVyMDc5ODIzMw@@._V1_SX300.jpg,1,United Kingdom,7.5,done,,true
Bordertown,2016–2020,"Crime, Drama, Mystery",N/A,"Ville Virtanen, Matleena Kuusniemi, Anu Sinisalo",7.6,tt4937942,2 min,https://m.media-amazon.com/images/M/MV5BNDNiZTcxYzMtOWRhOC00MmJiLTkyZTAtOTRlMWVmY2YyOGQyXkEyXkFqcGdeQXVyMTMxODk2OTU@._V1_SX300.jpg,3,"Finland, France",8,done,,false
Breaking Bad,2008–2013,"Crime, Drama, Thriller",N/A,"Bryan Cranston, Aaron Paul, Anna Gunn",9.5,tt0903747,49 min,https://m.media-amazon.com/images/M/MV5BYmQ4YWMxYjUtNjZmYi00MDQ1LWFjMjMtNjA5ZDdiYjdiODU5XkEyXkFqcGdeQXVyMTMzNDExODE5._V1_SX300.jpg,5,United States,9,done,,false
Chernobyl,2019,"Drama, History, Thriller",N/A,"Jessie Buckley, Jared Harris, Stellan Skarsgård",9.3,tt7366338,330 min,https://m.media-amazon.com/images/M/MV5BNTdkN2QwMDItMDVhNS00ZjFiLWEzNTctMzY5ODQzYWNkMDllXkEyXkFqcGdeQXVyMTMzNDExODE5._V1_SX300.jpg,1,"United States, United Kingdom",10,done,,false
Cien,2021–,Crime,N/A,"Krystian Wieczorek, Dagmara Bak, Krzysztof Kwiatkowski",N/A,tt15365012,N/A,https://m.media-amazon.com/images/M/MV5BMDYzOGMwM2UtMmUxZC00YmIyLWIwOWMtZGNiZWZlMDgxZmQ5XkEyXkFqcGdeQXVyMTEwMTY3NDI@._V1_SX300.jpg,1,Poland,-1,undecided,,false
Connect,2022,"Crime, Drama, Fantasy",N/A,"Jung Hae-in, Go Kyung-pyo, Kim Hye-jun",6.5,tt22002370,N/A,https://m.media-amazon.com/images/M/MV5BZjcyNzI0ZDAtMDNiMS00ZTlhLTgwOWMtMjhlNzg0NTRlZjhlXkEyXkFqcGdeQXVyOTA0NTM1MTg@._V1_SX300.jpg,1,South Korea,6,done,,true
Dark,2017–2020,"Crime, Drama, Mystery",N/A,"Louis Hofmann, Karoline Eichhorn, Lisa Vicari",8.7,tt5753856,60 min,https://m.media-amazon.com/images/M/MV5BOTk2NzUyOTctZDdlMS00MDJlLTgzNTEtNzQzYjFhNjA0YjBjXkEyXkFqcGdeQXVyMjg1NDcxNDE@._V1_SX300.jpg,3,"Germany, United States",8.5,done,,false
Darkness Those Who Kill,2019–,"Crime, Thriller",N/A,"Natalie Madueño, Simon Sears, Tobias Santelmann",7.5,tt9466596,45 min,https://m.media-amazon.com/images/M/MV5BYmNkMmIzZDctM2ZiYS00ODFiLWJiZTgtNDUyYWM5ZDQ4YTdlXkEyXkFqcGdeQXVyNjcyMjcwODE@._V1_SX300.jpg,3,Denmark,6.5,done,,false
Dear Child,2023,"Crime, Drama, Mystery",N/A,"Kim Riedle, Naila Schuberth, Sammy Schrein",7.3,tt20863760,N/A,https://m.media-amazon.com/images/M/MV5BYmY5MzE1MzktZTdlMC00Nzg5LWI1MDQtNWUwM2M1OTE1MDU4XkEyXkFqcGdeQXVyMTE5MTg5NDIw._V1_SX300.jpg,1,Germany,7,done,,true
Death Note,2006–2007,"Animation, Crime, Drama",N/A,"Mamoru Miyano, Brad Swaile, Vincent Tong",8.9,tt0877057,24 min,https://m.media-amazon.com/images/M/MV5BNjRiNmNjMmMtN2U2Yi00ODgxLTk3OTMtMmI1MTI1NjYyZTEzXkEyXkFqcGdeQXVyNjAwNDUxODI@._V1_SX300.jpg,1,Japan,7.5,done,,false
Fool Me Once,2024,"Crime, Drama, Mystery",N/A,"Michelle Keegan, Adeel Akhtar, Richard Armitage",6.8,tt5611024,N/A,https://m.media-amazon.com/images/M/MV5BMDVjYjgwYjMtZTAyNS00NmVhLTk4MTctMTIwY2VlZGRkOGFlXkEyXkFqcGdeQXVyMTYxMzc5MjQx._V1_SX300.jpg,1,"United Kingdom, United States",7,done,,true
Frikjent,2015–2016,"Crime, Drama",N/A,"Nicolai Cleve Broch, Lena Endre, Henrik Rafaelsen",7.4,tt3582458,45 min,https://m.media-amazon.com/images/M/MV5BMTE0MzI0MDI3NzleQTJeQWpwZ15BbWU4MDcwMTk3NDAy._V1_SX300.jpg,2,Norway,6,done,,false
From,2022–,"Drama, Horror, Mystery",N/A,"Harold Perrineau, Catalina Sandino Moreno, Eion Bailey",7.7,tt9813792,N/A,https://m.media-amazon.com/images/M/MV5BNDQxOGI4ZjItM2NhZC00Y2FhLWEwZTAtZTc2MmJmNzY1MjViXkEyXkFqcGdeQXVyMDA4NzMyOA@@._V1_SX300.jpg,2,United States,7.5,in-progress,,true
Glitch,2015–2019,"Drama, Horror, Sci-Fi",N/A,"Patrick Brammall, Emma Booth, Sean Keenan",7.2,tt4192782,3 min,https://m.media-amazon.com/images/M/MV5BODk2YmE5MjEtMmQzNy00MzZjLTgxNDAtYTgzMThlZTg1M2E3XkEyXkFqcGdeQXVyMjIwNTI1MTM@._V1_SX300.jpg,3,Australia,7,done,,true
Hautalehto Kylmä syli,2021–,"Action, Crime, Drama",N/A,"Mikko Leppilampi, Onni Parviainen, Iikka Forss",N/A,tt16991810,N/A,https://m.media-amazon.com/images/M/MV5BYjc4NzBjYTUtMDA1MC00ODRhLWFiOWEtYmFkNjcxNjA4MjhhXkEyXkFqcGdeQXVyNDI3OTk3Mw@@._V1_SX300.jpg,1,Finland,-1,done,,false
Hellbound,2021–,"Crime, Drama, Fantasy",N/A,"Yoo Ah-in, Kim Hyun-joo, Park Jeong-min",6.6,tt12235718,2 min,https://m.media-amazon.com/images/M/MV5BNzU1ODk0ZWUtMzdkYS00YmI2LWI1NjItOTg0NjQxNGY5MmNlXkEyXkFqcGdeQXVyODk4OTc3MTY@._V1_SX300.jpg,1,South Korea,6,in-progress,,true
Mindhunter,2017–2019,"Crime, Drama, Mystery",N/A,"Jonathan Groff, Holt McCallany, Anna Torv",8.6,tt5290382,60 min,https://m.media-amazon.com/images/M/MV5BNWNmYzQ1ZWUtYTQ3ZS00Y2UwLTlkMDctZThlOTJkMGJiNzBiXkEyXkFqcGdeQXVyNjg2NjQwMDQ@._V1_SX300.jpg,2,United States,9,done,,false
Money Heist,2017–2021,"Action, Crime, Drama",N/A,"Álvaro Morte, Itziar Ituño, Pedro Alonso",8.2,tt6468322,70 min,https://m.media-amazon.com/images/M/MV5BODI0ZTljYTMtODQ1NC00NmI0LTk1YWUtN2FlNDM1MDExMDlhXkEyXkFqcGdeQXVyMTM0NTUzNDIy._V1_SX300.jpg,5,Spain,8.5,done,,true
Mr. Mercedes,2017–2019,"Crime, Drama, Mystery",N/A,"Brendan Gleeson, Holland Taylor, Jharrel Jerome",7.8,tt4354880,60 min,https://m.media-amazon.com/images/M/MV5BYTRhMWE1NjMtZTc0YS00YTU0LTlkYzgtMzE5MGFlZmVjYTFlXkEyXkFqcGdeQXVyMTkxNjUyNQ@@._V1_SX300.jpg,3,United States,7,done,,true
Orphan Black,2013–2017,"Drama, Sci-Fi, Thriller",N/A,"Tatiana Maslany, Dylan Bruce, Jordan Gavaris",8.3,tt2234222,1 min,https://m.media-amazon.com/images/M/MV5BYmMyNWExOGItMThmNi00NDFkLTk0ZmUtMGQyN2ZjODlmYmE2XkEyXkFqcGdeQXVyMjg1NDcxNDE@._V1_SX300.jpg,5,Canada,7,done,,true
Outcast,2016–2017,"Drama, Horror",N/A,"Patrick Fugit, Philip Glenister, Wrenn Schmidt",7.3,tt4229954,1 min,https://m.media-amazon.com/images/M/MV5BMTc1OTEyOTkwMF5BMl5BanBnXkFtZTgwMjMyMjA3NTM@._V1_SX300.jpg,2,United States,7,done,,false
Ozark,2017–2022,"Crime, Drama, Thriller",N/A,"Jason Bateman, Laura Linney, Sofia Hublitz",8.5,tt5071412,60 min,https://m.media-amazon.com/images/M/MV5BZDUxMWNlMTUtYTljZS00MTE0LTlkYjktOTU1ODZjYzBhMTk0XkEyXkFqcGdeQXVyMTEyMjM2NDc2._V1_SX300.jpg,4,United States,8.5,done,,true
Pagan Peak,2018–2023,"Crime, Drama, Mystery",N/A,"Matthias Hack, Julia Jentsch, Nicholas Ofczarek",8,tt6905756,31S min,https://m.media-amazon.com/images/M/MV5BZTNkYjVjNDMtMGNjOC00NjllLThjNWMtMjM2ZjlhMDNhNjg0XkEyXkFqcGdeQXVyMTYyODkzNzU4._V1_SX300.jpg,3,"Germany, Austria",8,done,"Season 3 is worse 5-6/10",false
Parasyte The Grey,2024–,"Action, Horror, Sci-Fi",N/A,"Koo Kyo-hwan, Jeon So-nee, Jung Hyun Lee",N/A,tt21874396,N/A,https://m.media-amazon.com/images/M/MV5BODdiNTA2OTktYTdmNi00MzU3LWJhNzktZWIyNzFlNmU0ODdmXkEyXkFqcGdeQXVyMTEzMTI1Mjk3._V1_SX300.jpg,1,"Korea, South Korea",6.5,in-progress,,true
Revenge of Others,2022–,"Action, Drama, Mystery",N/A,"Shin Ye-eun, Park Solomon, Seo Ji-hoon",7.6,tt23032890,N/A,https://m.media-amazon.com/images/M/MV5BZDIzOTNjNzUtODQ5Mi00OWExLWFjYzEtZGY4ZGNiMjc1MmY4XkEyXkFqcGdeQXVyMTU5NjMxOTI0._V1_SX300.jpg,1,South Korea,7.5,undecided,,true
Squid Game,2021–,"Action, Drama, Mystery",N/A,"Lee Jung-jae, Park Hae-soo, Dylan Besseau",8,tt10919420,N/A,https://m.media-amazon.com/images/M/MV5BYWE3MDVkN2EtNjQ5MS00ZDQ4LTliNzYtMjc2YWMzMDEwMTA3XkEyXkFqcGdeQXVyMTEzMTI1Mjk3._V1_SX300.jpg,1,South Korea,8.5,in-progress,,true
Stranger Things,2016–2025,"Drama, Fantasy, Horror",N/A,"Millie Bobby Brown, Finn Wolfhard, Winona Ryder",8.7,tt4574334,51 min,https://m.media-amazon.com/images/M/MV5BMDZkYmVhNjMtNWU4MC00MDQxLWE3MjYtZGMzZWI1ZjhlOWJmXkEyXkFqcGdeQXVyMTkxNjUyNQ@@._V1_SX300.jpg,5,United States,9.5,in-progress,,true
Stranger,2017–,"Crime, Drama, Mystery",N/A,"Cho Seung-woo, Bae Doona, Lee Jun-hyuk",8.4,tt6461346,31S min,https://m.media-amazon.com/images/M/MV5BZWQ3MmFiNTctMzZkMS00NGY1LWI3ZTEtZjM4ZjJlY2VmMjY3XkEyXkFqcGdeQXVyNDU4MDQ0MjM@._V1_SX300.jpg,2,South Korea,10,undecided,,true
The Bequeathed,2024,"Crime, Drama, Mystery",N/A,"Aria Song, Hao Feng, Kim Hyun-joo",N/A,tt28225048,N/A,https://m.media-amazon.com/images/M/MV5BMTc5MmM3ZTQtOGI5Mi00MzcwLWEwZTEtOWU5NTg5MzlmMGNjXkEyXkFqcGdeQXVyNjI4NDY5ODM@._V1_SX300.jpg,1,South Korea,6,done,,true
The Bridge,2011–2018,"Crime, Mystery, Thriller",N/A,"Sofia Helin, Rafael Pettersson, Sarah Boberg",8.6,tt1733785,52S min,https://m.media-amazon.com/images/M/MV5BMjQ3MDAzNDU4NV5BMl5BanBnXkFtZTgwNjE2NDQ0NzE@._V1_SX300.jpg,4,"Sweden, Denmark, Germany, Norway",10,done,,false
The Chestnut Man,2021–,"Crime, Drama, Mystery",N/A,"David Dencik, Danica Curcic, Mikkel Boe Følsgaard",7.7,tt10834220,N/A,https://m.media-amazon.com/images/M/MV5BM2I2ZWQ2NTktYjM1My00MjdiLTllMWUtM2U1ZWVjODJhOTUxXkEyXkFqcGdeQXVyMTkxNjUyNQ@@._V1_SX300.jpg,1,Denmark,7.5,undecided,,false
The Glory,2022–,"Drama, Mystery, Thriller",N/A,"Song Hye-kyo, Lee Do-hyun, Lim Ji-yeon",8.1,tt21344706,N/A,https://m.media-amazon.com/images/M/MV5BMjdlNWFkYjEtZTFlNC00MTM1LWExNjktMzM3NDU5NDJmNjk2XkEyXkFqcGdeQXVyNDYzNDg2MTM@._V1_SX300.jpg,1,South Korea,7,undecided,,true
The Machinery,2020–,"Action, Mystery, Thriller",N/A,"Kristoffer Joner, Hanna Alström, Maja Svärd",6.3,tt11806034,N/A,https://m.media-amazon.com/images/M/MV5BMjYzODRmMTUtZjgxMy00ZDRhLTk1NjEtMDZlNGZiYmMzM2U4XkEyXkFqcGdeQXVyMDIyMzc3Mw@@._V1_SX300.jpg,2,Sweden,6,done,,false
The Nurse,2023,"Biography, Crime, Drama",N/A,"Fanny Louise Bernth, Josephine Park, Peter Zandersen",6.9,tt24948454,N/A,https://m.media-amazon.com/images/M/MV5BMTE1MTZmOWItNWQ1Yy00ZmFhLTg4ZTEtMjA0Mjg3NzA0NmMxXkEyXkFqcGdeQXVyMTY0OTA2NzQ1._V1_SX300.jpg,1,Denmark,6.5,done,,true
The Queens Gambit,2020,Drama,N/A,"Anya Taylor-Joy, Chloe Pirrie, Bill Camp",8.5,tt10048342,395 min,https://m.media-amazon.com/images/M/MV5BM2EwMmRhMmUtMzBmMS00ZDQ3LTg4OGEtNjlkODk3ZTMxMmJlXkEyXkFqcGdeQXVyMjM5ODk1NDU@._V1_SX300.jpg,1,United States,8,done,,false
The Silent Sea,2021,"Adventure, Drama, Mystery",N/A,"Bae Doona, Gong Yoo, Lee Joon",6.9,tt11570202,N/A,https://m.media-amazon.com/images/M/MV5BMjFkNDNjYTktZjJiNi00Y2U3LWE2NDgtZDM3YjIzMWUzNGM2XkEyXkFqcGdeQXVyMTEzMTI1Mjk3._V1_SX300.jpg,1,South Korea,6.5,done,,true
The Valhalla Murders,2019–2020,"Crime, Drama, Mystery",N/A,"Aldís Amah Hamilton, Nína Dögg Filippusdóttir, Gunnar Bersi Björnsson",7.1,tt9100822,50 min,https://m.media-amazon.com/images/M/MV5BNWUzODllZDYtNDEyOC00NzZlLTkzYmMtMWE0YWEwYTA1Y2RhXkEyXkFqcGdeQXVyMTI4ODE4ODA@._V1_SX300.jpg,1,Iceland,7.5,done,,false
Tom Clancys Jack Ryan,2018–2023,"Action, Drama, Thriller",N/A,"John Krasinski, Wendell Pierce, Michael Kelly",8,tt5057054,60 min,https://m.media-amazon.com/images/M/MV5BODU0MmZjYjktOGQ4MS00N2QwLTk5MzQtYTRkMGRiM2Q4ZjViXkEyXkFqcGdeQXVyMjkwOTAyMDU@._V1_SX300.jpg,4,United States,6.5,done,,true
Trai Hoa Do,2022,Thriller,N/A,"Tram Anh, Le Xuan Tien, Cao Thái Hà",6.5,tt23489218,N/A,https://m.media-amazon.com/images/M/MV5BYTRiYjc5YTAtZGI4ZC00YWU4LTlkOTgtOTgwMjA0YmQzMjI5XkEyXkFqcGdeQXVyMjA4ODY0OTA@._V1_SX300.jpg,1,Vietnam,6,done,,false
Wisting,2019–,"Crime, Drama",N/A,"Sven Nordin, Thea Green Lundberg, Mads Ousdal",7.3,tt7875794,60 min,https://m.media-amazon.com/images/M/MV5BZmY4NDcxZWUtZGM4OS00ZjQxLWFkNjQtNjA3ZDExMDcyZDNlXkEyXkFqcGdeQXVyNjcyMjcwODE@._V1_SX300.jpg,3,Norway,6.5,done,,false
Infernal Affairs II,2003,"Action, Crime, Drama","Wai Keung Lau, Alan Mak","Edison Chen, Shawn Yue, Anthony Chau-Sang Wong",7.2,tt0369060,119 min,https://m.media-amazon.com/images/M/MV5BMWZjMjgxYTctNjRhMi00NDFkLWI1MDctMmM5MWQyZmRkOWE4L2ltYWdlXkEyXkFqcGdeQXVyNTAyODkwOQ@@._V1_SX300.jpg,undefined,"Hong Kong, Singapore, China",4,undefined,,true
Echoes,2022,"Drama, Mystery, Thriller",N/A,"Michelle Monaghan, Matt Bomer, Karen Robinson",5.9,tt14954498,N/A,https://m.media-amazon.com/images/M/MV5BNjU1OTg2MDgtMjE5Yi00YzVkLTg1NGYtYWVmMjY0MTRiOTQ5XkEyXkFqcGdeQXVyMTEzMTI1Mjk3._V1_SX300.jpg,1,"Australia, United States",5,done,,true
GG Precinct,2024,"Action, Comedy, Crime",N/A,"Greg Han Hsu, Gingle Wang, Nien-Hsien Ma",N/A,tt31158593,N/A,https://m.media-amazon.com/images/M/MV5BZDdmZTNmNTUtZTAyYS00OTBmLWIwMmYtMjRiMTc0MDQ4NmUyXkEyXkFqcGc@._V1_SX300.jpg,1,Taiwan,5,done,,true
The Exorcism,2024,"Horror, Thriller",Joshua John Miller,"Russell Crowe, Ryan Simpkins, Sam Worthington",4.1,tt11240348,95 min,https://m.media-amazon.com/images/M/MV5BZGFmN2Q0NDYtYjI5OS00MDA5LThjYTctNTFiY2ZmMDNkNjAwXkEyXkFqcGdeQXVyMTM1NjM2ODg1._V1_SX300.jpg,undefined,United States,2.0,done,,true
Shogun,2024–2026,"Adventure, Drama, History",N/A,"Cosmo Jarvis, Anna Sawai, Tadanobu Asano",8.6,tt2788316,N/A,https://m.media-amazon.com/images/M/MV5BZmJkMDRjYzEtMWI3Ny00OWE3LWJlNTItMGQ1MTQzMzc3NDY5XkEyXkFqcGc@._V1_SX300.jpg,3,United States,8.5,in-progress,,true
Sekunnit,2024–,"Drama, Thriller",N/A,"Leena Pöysti, Mikko Kauppila, Meri Nenonen",7.1,tt27953039,N/A,https://m.media-amazon.com/images/M/MV5BOTVkNTQ1NWMtYjE3ZC00YjdhLWFjNmQtMDI1OTg1OTliNGVhXkEyXkFqcGdeQXVyMTA4NTc2ODI4._V1_SX300.jpg,N/A,"Finland, Germany, Denmark, Norway, Sweden, Iceland",5,done,,true
The Tyrant,2024–,Drama,N/A,"Ren Hanami, Eugene Ko, James Tang",6.8,tt31390543,N/A,https://m.media-amazon.com/images/M/MV5BY2M2Y2VlMzAtN2M1Yi00OTI2LThkZDgtZDVjZTQxZGNlM2RlXkEyXkFqcGc@._V1_SX300.jpg,1,South Korea,4,undecided,,true
The Fall Guy,2024,"Action, Comedy, Drama",David Leitch,"Ryan Gosling, Emily Blunt, Aaron Taylor-Johnson",6.9,tt1684562,126 min,https://m.media-amazon.com/images/M/MV5BM2U0MTJiYTItMjNiZS00MzU4LTkxYTAtYTU0ZGY1ODJhMjRhXkEyXkFqcGc@._V1_SX300.jpg,undefined,"United States, Australia, Canada",5,undefined,,true
The Wailing,2016,"Drama, Horror, Mystery",Na Hong-jin,"Jun Kunimura, Hwang Jung-min, Kwak Do-won",7.4,tt5215952,156 min,https://m.media-amazon.com/images/M/MV5BODkwMTgxNjA2NF5BMl5BanBnXkFtZTgwMDc0OTcwOTE@._V1_SX300.jpg,undefined,"South Korea, United States",6,undefined,,true
Lôi Báo,2017,"Action, Drama, Sci-Fi",Victor Vu,"Cuong Seven, Nha Phuong, Ngoc Anh Vu",5.6,tt6952230,113 min,https://m.media-amazon.com/images/M/MV5BMmFmYjI1MDgtMWI1YS00YjcyLWJiMDMtNTlkYzZiYzBiODlmXkEyXkFqcGdeQXVyNDA4OTExNDU@._V1_SX300.jpg,undefined,Vietnam,4,undefined,,true
The Killer,2023,"Action, Adventure, Crime",David Fincher,"Michael Fassbender, Tilda Swinton, Charles Parnell",6.7,tt1136617,118 min,https://m.media-amazon.com/images/M/MV5BYzU2MTlkMTctNWI3MC00ODUzLTlmYzQtMzZjYjVmMmYwZGU0XkEyXkFqcGc@._V1_SX300.jpg,undefined,United States,6,undefined,,true
Tokyo Vice,2022–2024,"Crime, Drama, Thriller",Anthony Mandler,"Ansel Elgort, Ken Watanabe, Rachel Keller",8.0,tt2887954,N/A,https://m.media-amazon.com/images/M/MV5BYjkxMjU2ODUtNzdlZi00NDg0LWEyZDgtZGE3NTVkNDYyZjIzXkEyXkFqcGc@._V1_SX300.jpg,2,"United States, Japan",8,done,,true
City Hunter,2024,"Action, Comedy, Crime",Yûichi Satô,"Ryohei Suzuki, Misato Morita, Masanobu Andô",6.3,tt24478470,102 min,https://m.media-amazon.com/images/M/MV5BNzI5ZWZjN2UtNjRiNS00MzViLTgzNjMtZWEyZTlmNWJhYjJkXkEyXkFqcGc@._V1_SX300.jpg,undefined,Japan,6,undefined,,true
Talk to Me,2022,"Horror, Thriller","Danny Philippou, Michael Philippou","Ari McCarthy, Hamish Phillips, Kit Erhart-Bruce",7.1,tt10638522,95 min,https://m.media-amazon.com/images/M/MV5BY2I2NzJmY2YtYTM3Ni00ZGJhLThkZTItODFhMzhlZjZkMDQ5XkEyXkFqcGc@._V1_SX300.jpg,undefined,"Australia, United Kingdom",5,undefined,,true
The 8 Show,2024–,"Comedy, Drama, Mystery",N/A,"Park Jeong-min, Chun Woo-hee, Ryu Jun-yeol",7.2,tt30423279,N/A,https://m.media-amazon.com/images/M/MV5BZjIxNmYxMmUtNGNiMC00ODIyLThhMWEtZWYwNTdiYzFiNDY3XkEyXkFqcGc@._V1_SX300.jpg,1,South Korea,7,undecided,,true
Longlegs,2024,"Crime, Horror, Thriller",Osgood Perkins,"Maika Monroe, Nicolas Cage, Blair Underwood",6.8,tt23468450,101 min,https://m.media-amazon.com/images/M/MV5BMmJkNGNiNjgtMzFlYy00ZDI5LWI2YzktZGVjYjI5MjQyMGU3XkEyXkFqcGc@._V1_SX300.jpg,undefined,"Canada, United States",3,undefined,,true
Officer Black Belt,2024,"Action, Comedy, Crime",Joo-hwan Kim,"Kim Woo-bin, Kim Seong-gyoon, Ren Hanami",6.8,tt28494829,108 min,https://m.media-amazon.com/images/M/MV5BNWRkMTAzOGYtOTE4Ny00Yzg3LWExYzAtNDVhNjJjYmIwMTRkXkEyXkFqcGc@._V1_SX300.jpg,undefined,South Korea,6.5,undefined,,true
1670,2023–,"Comedy, History",N/A,"Bartlomiej Topa, Katarzyna Herman, Martyna Byczkowska",7.9,tt29420686,N/A,https://m.media-amazon.com/images/M/MV5BMzJjNjhhMGMtZmFmMy00MjEzLTliZTMtZDRmN2FlNDYxZTJkXkEyXkFqcGc@._V1_SX300.jpg,1,Poland,7,undecided,,true
Hijack 1971,2024,"Action, Crime, Thriller",Kim Sung-han-I,"Sung Dong-il, Yeo Jin-goo, Jung Jun-hwan",6.9,tt31624258,100 min,https://m.media-amazon.com/images/M/MV5BMGNjMDRmYzAtM2QxNS00Njg5LTk2ZGItZDQ1MjgwNzYxMTZiXkEyXkFqcGc@._V1_SX300.jpg,undefined,South Korea,6.5,undefined,,true
Project Silence,2023,"Action, Horror, Sci-Fi",Kim Tae-gon,"Lee Sun-kyun, Ju Ji-hoon, Kim Hee-won",5.5,tt25808194,101 min,https://m.media-amazon.com/images/M/MV5BNDMxYTAwYzItMmJiZC00NjViLTg3YjEtMDY4OTI4MDY1YzkzXkEyXkFqcGc@._V1_SX300.jpg,undefined,"South Korea, Hong Kong",5.5,undefined,,true
Leave,2022,"Drama, Horror, Mystery",Alex Herron,"Alicia von Rittberg, Stig R. Amdam, Herman Tømmeraas",4.8,tt18073066,106 min,https://m.media-amazon.com/images/M/MV5BODMwZmQwMTktMzNiYS00ZjUzLTgzNTQtODNhOTA2ZmY1N2MxXkEyXkFqcGc@._V1_SX300.jpg,undefined,Norway,5.5,undefined,,true
Don't Come Home,2024,"Drama, Horror, Mystery",N/A,"Woranuch BhiromBhakdi, Pitchapa Phanthumchinda, Cindy Sirinya Bishop",N/A,tt31158589,N/A,https://m.media-amazon.com/images/M/MV5BNmE2YWY0ZTMtMmFkZi00OWJkLTljOGEtZWZjYmM2YmFlOWU3XkEyXkFqcGc@._V1_SX300.jpg,1,Thailand,6,done,,true
Evil,2019–2024,"Crime, Drama, Horror",N/A,"Katja Herbers, Mike Colter, Aasif Mandvi",7.8,tt9055008,42 min,https://m.media-amazon.com/images/M/MV5BYmZjYzZmNzktZWU0My00MWRhLWJhZGEtYWRiNjA1YjA1MGMxXkEyXkFqcGc@._V1_SX300.jpg,4,United States,6.5,done,,true
The Five,2016,"Crime, Drama, Mystery",N/A,"O-T Fagbenle, Tom Cullen, Hannah Arterton",7.5,tt4370528,60 min,https://m.media-amazon.com/images/M/MV5BODg5ZDVkNDMtNTkyNi00YjMyLWE1ZTItOGU1ZDI3MWE5ZWQ2XkEyXkFqcGc@._V1_SX300.jpg,1,United Kingdom,6,done,,true
Alienoid,2022,"Action, Adventure, Fantasy",Dong-hoon Choi,"Ryu Jun-yeol, Kim Woo-bin, Kim Tae-ri",6.3,tt20168564,142 min,https://m.media-amazon.com/images/M/MV5BYmI1N2MxYzEtNWFiYy00NDk1LWEzNWItZGE3MDRmYTMxYjdmXkEyXkFqcGc@._V1_SX300.jpg,undefined,South Korea,5.5,undefined,,true
Alienoid: The Return to the Future,2024,"Action, Fantasy, Sci-Fi",Dong-hoon Choi,"Ryu Jun-yeol, Kim Tae-ri, Kim Woo-bin",6.5,tt20201212,122 min,https://m.media-amazon.com/images/M/MV5BNTZkMGM4NDAtNjliYy00YWJhLTkzZjEtMTU5MTlmMGU4ZGY4XkEyXkFqcGc@._V1_SX300.jpg,undefined,South Korea,6.5,undefined,,true
The Penguin,2024,"Crime, Drama",N/A,"Colin Farrell, Cristin Milioti, Rhenzy Feliz",8.8,tt15435876,N/A,https://m.media-amazon.com/images/M/MV5BYmU3MzYzOWEtOTdkZi00YzA1LTliMzQtNDdiZDBjY2FiNmFlXkEyXkFqcGc@._V1_SX300.jpg,1,United States,9,done,,true
Joker: Folie à Deux,2024,"Crime, Drama, Musical",Todd Phillips,"Joaquin Phoenix, Lady Gaga, Brendan Gleeson",5.3,tt11315808,138 min,https://m.media-amazon.com/images/M/MV5BNTRlNmU1NzEtODNkNC00ZGM3LWFmNzQtMjBlMWRiYTcyMGRhXkEyXkFqcGc@._V1_SX300.jpg,undefined,"United States, Canada",1,undefined,,true
Next,2007,"Action, Sci-Fi, Thriller",Lee Tamahori,"Nicolas Cage, Julianne Moore, Jessica Biel",6.2,tt0435705,96 min,https://m.media-amazon.com/images/M/MV5BMTg3MjgyNjE1Nl5BMl5BanBnXkFtZTcwNTY1NDU0MQ@@._V1_SX300.jpg,undefined,United States,6,undefined,,true     
Venom: The Last Dance,2024,"Action, Adventure, Sci-Fi",Kelly Marcel,"Tom Hardy, Chiwetel Ejiofor, Juno Temple",6.2,tt16366836,110 min,https://m.media-amazon.com/images/M/MV5BZDMyYWU4NzItZDY0MC00ODE2LTkyYTMtMzNkNDdmYmFhZDg0XkEyXkFqcGc@._V1_SX300.jpg,undefined,"United States, United Kingdom, Canada",5.5,undefined,,true
The Helicopter Heist,2024,"Action, Crime, Drama",N/A,"Mark Lewis, Erik Svedberg-Zelman, Dejan Milacic",N/A,tt20872980,N/A,https://m.media-amazon.com/images/M/MV5BMmIwOGY5ZTktMDljOC00MTgxLWI0NGMtMDc2YzIwNTI1M2M1XkEyXkFqcGc@._V1_SX300.jpg,1,Sweden,5,done,,true
Arcane,2021–2024,"Animation, Action, Adventure",N/A,"Kevin Alejandro, Hailee Steinfeld, Ella Purnell",9.1,tt11126994,N/A,https://m.media-amazon.com/images/M/MV5BOWJhYjdjNWEtMWFmNC00ZjNkLThlZGEtN2NkM2U3NTVmMjZkXkEyXkFqcGc@._V1_SX300.jpg,2,"United States, France",8.5,done,,true
Alien: Romulus,2024,"Horror, Sci-Fi, Thriller",Fede Alvarez,"Cailee Spaeny, David Jonsson, Archie Renaux",7.2,tt18412256,119 min,https://m.media-amazon.com/images/M/MV5BMDU0NjcwOGQtNjNjOS00NzQ3LWIwM2YtYWVmODZjMzQzN2ExXkEyXkFqcGc@._V1_SX300.jpg,undefined,"United Kingdom, United States, Hungary, Australia, New Zealand, Canada",6,undefined,,true
Carry-On,2024,"Action, Crime, Drama",Jaume Collet-Serra,"Taron Egerton, Jason Bateman, Sofia Carson",6.5,tt21382296,119 min,https://m.media-amazon.com/images/M/MV5BNTNkMjQzNmQtNzE4ZC00NDlmLTkyYjAtZDZkYTQ5NjBmYThlXkEyXkFqcGc@._V1_SX300.jpg,undefined,United States,6.5,undefined,,true
Red One,2024,"Action, Adventure, Comedy",Jake Kasdan,"Dwayne Johnson, Chris Evans, Lucy Liu",6.9,tt14948432,123 min,https://m.media-amazon.com/images/M/MV5BZmFkMjE4NjQtZTVmZS00MDZjLWE2ZmEtZTkzODljNjhlNWUxXkEyXkFqcGc@._V1_SX300.jpg,undefined,"United States, Canada",6,undefined,,true
Next Sohee,2022,"Drama, Thriller",July Jung,"Kim Si-Eun, Bae Doona, Choi Hee-jin",7.2,tt19820538,138 min,https://m.media-amazon.com/images/M/MV5BNjQyZjFmYzAtNDFiNy00YWZmLWIxZWUtYWM1ZDEzNDZjNGY4XkEyXkFqcGc@._V1_SX300.jpg,undefined,South Korea,7,undefined,,true
Immaculate,2024,Horror,Michael Mohan,"Sydney Sweeney, Álvaro Morte, Simona Tabasco",5.8,tt23137390,89 min,https://m.media-amazon.com/images/M/MV5BMWEzYjYyMjQtNTJjYi00ZDQ5LWE4N2MtNWY2ZTgxODNhYWM4XkEyXkFqcGc@._V1_SX300.jpg,undefined,"United States, Italy",4,undefined,,true
Unstoppable,2018,"Action, Comedy, Crime",Kim Min-Ho,"Ma Dong-seok, Song Ji-hyo, Kim Sung-oh",6.6,tt9225192,116 min,https://m.media-amazon.com/images/M/MV5BMTMzMjJjZDktYmZkZi00YzYwLWE2ZTAtMDNjMTgzYWZhNzVhXkEyXkFqcGc@._V1_SX300.jpg,undefined,South Korea,6,undefined,,true
Beetlejuice Beetlejuice,2024,"Comedy, Fantasy, Horror",Tim Burton,"Michael Keaton, Winona Ryder, Catherine O'Hara",6.7,tt2049403,105 min,https://m.media-amazon.com/images/M/MV5BYmRlYzE3ZTYtNjIyZi00MWYyLWEzZDItOWI5NzM1Yjc0NmI5XkEyXkFqcGc@._V1_SX300.jpg,undefined,"United States, France",6,undefined,,true
Dumb and Dumber,1994,Comedy,"Peter Farrelly, Bobby Farrelly","Jim Carrey, Jeff Daniels, Lauren Holly",7.3,tt0109686,107 min,https://m.media-amazon.com/images/M/MV5BNGQxZDA1MmMtYWQ1Ni00NTJmLTljMjgtZWVmODllODVhMzgyXkEyXkFqcGc@._V1_SX300.jpg,undefined,United States,6,undefined,,true
Ace Ventura: Pet Detective,1994,Comedy,Tom Shadyac,"Jim Carrey, Courteney Cox, Sean Young",6.9,tt0109040,86 min,https://m.media-amazon.com/images/M/MV5BOWU1M2Q5MDgtOTkxZS00NjdmLWFlNWEtOGEyOTNlNGYyYTZlXkEyXkFqcGc@._V1_SX300.jpg,undefined,United States,5,undefined,,true
The Mask,1994,"Comedy, Crime, Fantasy",Chuck Russell,"Jim Carrey, Cameron Diaz, Peter Riegert",7.0,tt0110475,101 min,https://m.media-amazon.com/images/M/MV5BNGNmNjI0ZmMtMzI5MC00ZjUyLWFlZDEtYjUyMGZlN2E3N2E2XkEyXkFqcGc@._V1_SX300.jpg,undefined,United States,5,undefined,,true
Dumb and Dumber To,2014,Comedy,"Bobby Farrelly, Peter Farrelly","Jim Carrey, Jeff Daniels, Rob Riggle",5.6,tt2096672,109 min,https://m.media-amazon.com/images/M/MV5BMTYxMzA0MzAyMF5BMl5BanBnXkFtZTgwMjMyNjcwMjE@._V1_SX300.jpg,undefined,"United States, Japan",6.5,undefined,,true
The Substance,2024,"Drama, Horror, Sci-Fi",Coralie Fargeat,"Demi Moore, Margaret Qualley, Dennis Quaid",7.4,tt17526714,141 min,https://m.media-amazon.com/images/M/MV5BZDQ1NGE5MGMtYzdlZC00ODExLWJlMDMtNWU4NjA5OWYwMDEwXkEyXkFqcGc@._V1_SX300.jpg,undefined,"United Kingdom, France, United States",5,undefined,,true
"Ace Ventura: When Nature Calls","1995","Adventure, Comedy, Crime","Steve Oedekerk","Jim Carrey, Ian McNeice, Simon Callow","6.4","tt0112281","90 min","https://m.media-amazon.com/images/M/MV5BMjk3ZDUwYTMtYmQyYy00NTg1LWExOTItNTcxODM3NDZiNjMyXkEyXkFqcGc@._V1_SX300.jpg","undefined","United States","5","undefined","","true"
"Tulsa King","2022–","Crime, Drama","N/A","Sylvester Stallone, Andrea Savage, Martin Starr","8.0","tt16358384","N/A","https://m.media-amazon.com/images/M/MV5BMjBiNmI3YjMtNjJmNi00MTdiLTg5YTItMTk1MjcwOWIyZjY3XkEyXkFqcGc@._V1_SX300.jpg","2","United States","7.5","in-progress","","true"
"The Calendar Killer","2024","Crime, Thriller","Adolfo J. Kolmerer","Luise Heyer, Sabin Tambrea, Friedrich Mücke","5.5","tt30292390","97 min","https://m.media-amazon.com/images/M/MV5BMjg3ZTBhYjktOGUwOC00YWUzLWE0YzktYTgyZWY5MTZlZjkxXkEyXkFqcGc@._V1_SX300.jpg","undefined","Germany","5","undefined","","true"
"Bank Under Siege","2024","Action, Crime, Thriller","N/A","Miguel Herrán, María Pedraza, Hovik Keuchkerian","6.7","tt29386497","N/A","https://m.media-amazon.com/images/M/MV5BOTc0MDNlYjMtYzM4Yy00MTFmLTlmYzUtOWNmMDY0ZWMyYzVkXkEyXkFqcGc@._V1_SX300.jpg","1","Spain","6","done","","true"
"Ex Machina","2014","Drama, Sci-Fi, Thriller","Alex Garland","Alicia Vikander, Domhnall Gleeson, Oscar Isaac","7.7","tt0470752","108 min","https://m.media-amazon.com/images/M/MV5BMTUxNzc0OTIxMV5BMl5BanBnXkFtZTgwNDI3NzU2NDE@._V1_SX300.jpg","undefined","United Kingdom, United States","6.5","undefined","","true"
"Super 8","2011","Action, Sci-Fi, Thriller","J.J. Abrams","Elle Fanning, AJ Michalka, Kyle Chandler","7.0","tt1650062","112 min","https://m.media-amazon.com/images/M/MV5BMjIzNjEyMzcwOF5BMl5BanBnXkFtZTcwMTkyMjE0NQ@@._V1_SX300.jpg","undefined","United States","6","undefined","","true"
"1992","2024","Action, Crime, Drama","N/A","Fernando Valdivielso, Marian Álvarez, Víctor Rivas","5.6","tt27787158","N/A","https://m.media-amazon.com/images/M/MV5BYjUzNzk4ZDMtZTY2OS00MTg1LWFiOTYtYWIyYWJiMWM1MGE5XkEyXkFqcGc@._V1_SX300.jpg","1","Spain","5","done","","true"
"Schnee","2023","Mystery, Thriller","N/A","Brigitte Hobmeier, Robert Stadlober, Marie-Luise Stockinger","N/A","tt13111348","N/A","https://m.media-amazon.com/images/M/MV5BNzcwNDMwMzItZjFmNC00ZDBlLWJiMjgtY2EwYjZmZmY1YzRkXkEyXkFqcGc@._V1_SX300.jpg","1","Austria","1","done","opinie że nudny i nie oglądałem dalej zzz","true"
"Confidential Assignment","2017","Action, Comedy, Drama","Kim Sung-hoon","Hyun Bin, Yoo Hae-jin, Kim Ju-hyuk","6.7","tt5606538","124 min","https://m.media-amazon.com/images/M/MV5BNTc2MzExOTAtZGExZC00ZjkzLTg0MDgtYzc0NTYxNmNlMDlmXkEyXkFqcGc@._V1_SX300.jpg","undefined","South Korea","6","undefined","","true"
"Confidential Assignment 2: International","2022","Action, Comedy, Thriller","Seok-hoon Lee","Hyun Bin, Im Yoon-ah, Yoo Hae-jin","6.6","tt21867370","129 min","https://m.media-amazon.com/images/M/MV5BNTBhMGI2NGItYTE3YS00NjkwLTljZGMtMzViOTZkM2FmMjU3XkEyXkFqcGc@._V1_SX300.jpg","undefined","South Korea","6","undefined","","true"
"The Crimson Rivers","2018–","Crime, Drama, Mystery","N/A","Olivier Marchal, Erika Sainte, Ken Duken","6.9","tt7349016","39S min","https://m.media-amazon.com/images/M/MV5BYWY3OWM4NWUtOGYzNC00Zjk0LTg0ZmMtNjA4NzZmZTM3M2VjXkEyXkFqcGc@._V1_SX300.jpg","4","France, Belgium, Germany","7","in-progress","Watched first season: close to 6.5/7","true"
"Ant-Man and the Wasp","2018","Action, Adventure, Comedy","Peyton Reed","Paul Rudd, Evangeline Lilly, Michael Peña","7.0","tt5095030","118 min","https://m.media-amazon.com/images/M/MV5BODVkY2ZmZTAtYzFhMi00YzZlLWE2YWMtMDBiYjY2OTU4ZWM0XkEyXkFqcGc@._V1_SX300.jpg","undefined","United States, Canada","6.5","undefined","","true"
"Heretic","2024","Horror, Thriller","Scott Beck, Bryan Woods","Hugh Grant, Sophie Thatcher, Chloe East","7.0","tt28015403","111 min","https://m.media-amazon.com/images/M/MV5BMzFiMWM4YjAtY2Y3Yi00MDIzLTk0N2MtYTAwNGM3ZmMwODhlXkEyXkFqcGc@._V1_SX300.jpg","undefined","United States, Canada","7","undefined","","true"
"Conclave","2024","Drama, Mystery, Thriller","Edward Berger","Ralph Fiennes, Stanley Tucci, John Lithgow","7.4","tt20215234","120 min","https://m.media-amazon.com/images/M/MV5BYjgxMDI5NmMtNTU3OS00ZDQxLTgxZmEtNzY1ZTBmMDY4NDRkXkEyXkFqcGc@._V1_SX300.jpg","undefined","United Kingdom, United States","7.5","undefined","","true"
"DNA","2019–","Crime, Drama, Mystery","N/A","Anders W. Berthelsen, Zofia Wichlacz, Charlotte Rampling","7.4","tt9472282","321 min","https://m.media-amazon.com/images/M/MV5BNjVjYmM4YjItMjdlYS00NDAzLWFlY2ItOWY2ZGJhNTNkYmNlXkEyXkFqcGc@._V1_SX300.jpg","2","Denmark, France","6.5","done","","true"
"Veteran","2015","Action, Comedy, Crime","Ryoo Seung-wan","Hwang Jung-min, Yoo Ah-in, Yoo Hae-jin","7.0","tt4768764","123 min","https://m.media-amazon.com/images/M/MV5BYzI1Y2FkMDItMmMxNi00ZmJhLWEzMGUtOTdiOTc4YmZiOGE4XkEyXkFqcGc@._V1_SX300.jpg","undefined","South Korea","6","undefined","","true"
"I, the Executioner","2024","Action, Adventure, Comedy","Ryoo Seung-wan","Ahn Bo-hyun, Oh Dae-hwan, Oh Dal-su","6.4","tt30287778","118 min","https://m.media-amazon.com/images/M/MV5BZTJjYmE0MDYtOTk3MS00ODViLWFiNTctMWQ4ZjNjNjJlZTU1XkEyXkFqcGc@._V1_SX300.jpg","undefined","South Korea","5.5","undefined","","true"
"Amazon Women on the Moon","1987","Comedy, Sci-Fi","Joe Dante, Carl Gottlieb, Peter Horton","Rosanna Arquette, Michelle Pfeiffer, Arsenio Hall","6.2","tt0092546","85 min","https://m.media-amazon.com/images/M/MV5BNmY3ZDJmMTgtNzMyOS00Y2IwLTliODktYzk4YjYxYTE3ODc5XkEyXkFqcGc@._V1_SX300.jpg","undefined","United States","3","undefined","","true"
"Last Seen Alive","2022","Action, Crime, Drama","Brian Goodman","Gerard Butler, Jaimie Alexander, Russell Hornsby","5.7","tt10242388","95 min","https://m.media-amazon.com/images/M/MV5BNDE4ZmRmZGUtMTVjOC00OWE2LTk2OGItZmJkNzkyMGFjNGE1XkEyXkFqcGc@._V1_SX300.jpg","undefined","United States","5","undefined","","true"
"High Forces","2024","Action, Crime, Drama","Oxide Chun Pang, Chi-Leung Lo","Andy Lau, Zifeng Zhang, Chuxiao Qu","5.8","tt17501870","119 min","https://m.media-amazon.com/images/M/MV5BMmRjZWI0MzYtY2MwNC00NDQ1LThmY2MtNTM3ZGNkOTE2ZDE3XkEyXkFqcGc@._V1_SX300.jpg","undefined","China, Hong Kong","5.5","undefined","","true"
"Black Lake","2016–2018","Horror, Thriller","N/A","Filip Berg, Valter Skarsgård, Anna Åström","6.1","tt5603186","43 min","https://m.media-amazon.com/images/M/MV5BY2RlYzVjY2YtZTA2ZC00ZWVmLTgxYWYtYzY0MzNjODA5Nzk5XkEyXkFqcGc@._V1_SX300.jpg","2","Sweden, Denmark, Norway","3","done","","true"
"Vanishing","2021","Crime, Drama, Mystery","Denis Dercourt","Olga Kurylenko, Yoo Yeon-seok, Ye Ji-won","N/A","tt15488838","88 min","https://m.media-amazon.com/images/M/MV5BMTc1ZDc1MWQtZjI2Ni00Nzc4LThmMTQtZGRlNmJlNWFlYTFkXkEyXkFqcGc@._V1_SX300.jpg","undefined","France","5.5","undefined","","true"
"Wallander","2008–2016","Crime, Drama, Mystery","N/A","Kenneth Branagh, Richard McCabe, Jeany Spark","7.8","tt1178618","N/A","https://m.media-amazon.com/images/M/MV5BYWRkMGIzZWItMjc4ZS00ZjdiLWFkODEtOGM3ZWU3N2MzNDEwXkEyXkFqcGc@._V1_SX300.jpg","4","United Kingdom, Sweden, Germany, United States","6.5","done","S1 only","true"
"Revelations","2025","Crime, Drama, Mystery","Yeon Sang-ho","Ryu Jun-yeol, Shin Hyeon-bin, Shin Min-jae","N/A","tt32648798","122 min","https://m.media-amazon.com/images/M/MV5BOGU2YWNiMTgtMDdmMi00M2FjLWE1MmQtMDg3NTE3MzA1YWQ3XkEyXkFqcGc@._V1_SX300.jpg","undefined","South Korea","6","undefined","","true"
"Calvary","2014","Crime, Drama, Mystery","John Michael McDonagh","Brendan Gleeson, Chris O'Dowd, Kelly Reilly","7.4","tt2234003","102 min","https://m.media-amazon.com/images/M/MV5BMTc3MjQ1MjE2M15BMl5BanBnXkFtZTgwNTMzNjE4MTE@._V1_SX300.jpg","undefined","Ireland, United Kingdom","3","undefined","","true"
"Prosta sprawa","2024","Action","N/A","Mateusz Damiecki, Piotr Adamczyk, Magdalena Wieczorek","N/A","tt32974132","N/A","https://m.media-amazon.com/images/M/MV5BZmNjMWRmOGMtNmUzYy00YTUzLWE3ODgtYjcyMjM4MGJlZTEzXkEyXkFqcGc@._V1_SX300.jpg","N/A","Poland","7","undecided","","true"
"Dune: Part One","2021","Action, Adventure, Drama","Denis Villeneuve","Timothée Chalamet, Rebecca Ferguson, Zendaya","8.0","tt1160419","155 min","https://m.media-amazon.com/images/M/MV5BNWIyNmU5MGYtZDZmNi00ZjAwLWJlYjgtZTc0ZGIxMDE4ZGYwXkEyXkFqcGc@._V1_SX300.jpg","undefined","United States, Canada","8","undefined","","true"
"Dune: Part Two","2024","Action, Adventure, Drama","Denis Villeneuve","Timothée Chalamet, Zendaya, Rebecca Ferguson","8.5","tt15239678","166 min","https://m.media-amazon.com/images/M/MV5BNTc0YmQxMjEtODI5MC00NjFiLTlkMWUtOGQ5NjFmYWUyZGJhXkEyXkFqcGc@._V1_SX300.jpg","undefined","United States, Canada, United Arab Emirates, Hungary, Italy, New Zealand, Jordan, Gambia","8.5","undefined","","true"
"Dark Nuns","2025","Horror, Mystery, Thriller","Hyeok-jae Kwon","Song Hye-kyo, Jeon Yeo-been, Lee Jin-wook","N/A","tt32491690","N/A","https://m.media-amazon.com/images/M/MV5BN2MyNzk0MmYtNmY4Mi00ZWYyLTkzMjgtMTRhODc4MDIzZmUzXkEyXkFqcGc@._V1_SX300.jpg","undefined","South Korea","4","undefined","","true"
"Cesium Fallout","2024","Action, Drama","Anthony Pun","Andy Lau, Yu Bai, Karen Mok","6.7","tt29495090","136 min","https://m.media-amazon.com/images/M/MV5BNjY4ZWM5MTYtZTBmNC00YTY0LWFmOTItMTM5MWRiMDE4YzhiXkEyXkFqcGc@._V1_SX300.jpg","undefined","China, Hong Kong","6","undefined","","true"
"Limit","2022","Crime, Thriller","Lee Seung-joon","Im Chul-hyung, Choi Deok-moon, Jeon Guk-hyang","5.2","tt21632892","87 min","https://m.media-amazon.com/images/M/MV5BYTAzN2IyNTktMjEzYi00ZDVmLTlhYWQtYjczNzBiYzA4YjQ1XkEyXkFqcGc@._V1_SX300.jpg","undefined","South Korea","5","undefined","","true"
"Red Lights","2012","Drama, Fantasy, Mystery","Rodrigo Cortés","Sigourney Weaver, Robert De Niro, Cillian Murphy","6.2","tt1748179","114 min","https://m.media-amazon.com/images/M/MV5BMTQzMjYwNTc2M15BMl5BanBnXkFtZTcwMTY0Mjc4Nw@@._V1_SX300.jpg","undefined","Spain, Canada, United States","6.5","undefined","","true"
"Whiplash","2014","Drama, Music","Damien Chazelle","Miles Teller, J.K. Simmons, Melissa Benoist","8.5","tt2582802","106 min","https://m.media-amazon.com/images/M/MV5BMDFjOWFkYzktYzhhMC00NmYyLTkwY2EtYjViMDhmNzg0OGFkXkEyXkFqcGc@._V1_SX300.jpg","undefined","United States","8.5","undefined","","true"
"The Match","2024","Biography, Drama, Sport","Hyeong-ju Kim","Lee Byung-hun, Yoo Ah-in, Kim Kang-hoon","N/A","tt13498824","115 min","https://m.media-amazon.com/images/M/MV5BOTU1ZDE0YjAtOGRiZS00ZWQ0LWFkOWMtMWE3NTM4ZjUxMDAxXkEyXkFqcGdeQXVyODA4ODIwNDM@._V1_SX300.jpg","undefined","South Korea","7","undefined","","true"
"Horrible Bosses","2011","Comedy, Crime","Seth Gordon","Jason Bateman, Charlie Day, Jason Sudeikis","6.9","tt1499658","98 min","https://m.media-amazon.com/images/M/MV5BNzYxNDI5Njc5NF5BMl5BanBnXkFtZTcwMDUxODE1NQ@@._V1_SX300.jpg","undefined","United States","6","undefined","","true"
"Horrible Bosses 2","2014","Comedy, Crime","Sean Anders","Jason Bateman, Jason Sudeikis, Charlie Day","6.3","tt2170439","108 min","https://m.media-amazon.com/images/M/MV5BYmY4Mjg2NzQtN2I3Zi00NGZiLWJjNDYtMDA5MzJkYTIyZWQ0XkEyXkFqcGc@._V1_SX300.jpg","undefined","United States","5.5","undefined","","true"
"Bedrag","2016–2019","Crime, Drama, Thriller","N/A","Esben Smed, Thomas Hwan, Natalie Madueño","7.6","tt3638488","60 min","https://m.media-amazon.com/images/M/MV5BMmRiYjRiNTAtZGM0OS00NTgxLWExZDMtNjc5OWRlZmJlNWI3XkEyXkFqcGc@._V1_SX300.jpg","3","Denmark","6.5","done","","true"
"Cross","2024–","Action, Crime, Drama","N/A","Aldis Hodge, Isaiah Mustafa, Juanita Jennings","7.2","tt11794812","N/A","https://m.media-amazon.com/images/M/MV5BMTE0ZGVjMjUtMDI1ZC00MTZiLWI1OWMtMTI3ZGI4ODU4OTU4XkEyXkFqcGc@._V1_SX300.jpg","1","United States","6.5","undecided","","true"
"Severance","2022–","Drama, Mystery, Sci-Fi","N/A","Adam Scott, Britt Lower, Zach Cherry","8.7","tt11280740","N/A","https://m.media-amazon.com/images/M/MV5BZDI5YzJhODQtMzQyNy00YWNmLWIxMjUtNDBjNjA5YWRjMzExXkEyXkFqcGc@._V1_SX300.jpg","2","United States","7.5","in-progress","Watched only first season","true"
"The Sandman","2022–2025","Drama, Fantasy, Horror","N/A","Tom Sturridge, Boyd Holbrook, Patton Oswalt","7.7","tt1751634","1 min","https://m.media-amazon.com/images/M/MV5BNjk0M2ZhZTQtZjQ0NC00ODA2LWFkN2ItMTA0ZTc0MjJjODg0XkEyXkFqcGc@._V1_SX300.jpg","2","United Kingdom, United States","6","in-progress","Visuals really good, story is ok but QWERTY proganda is insane","true"
"Arctic Circle","2018–","Crime, Drama, Thriller","N/A","Iina Kuustonen, Pihla Viitala, Venla Ronkainen","6.9","tt6800294","50 min","https://m.media-amazon.com/images/M/MV5BNTYyMzQxOTctNjYzZC00NGU0LTkwY2ItZDVhNmMxYjYwMTM3XkEyXkFqcGc@._V1_SX300.jpg","3","Finland, Germany","6.5","done","","true"
"Final Destination","2000","Horror, Thriller","James Wong","Devon Sawa, Ali Larter, Kerr Smith","6.7","tt0195714","98 min","https://m.media-amazon.com/images/M/MV5BMjE1MjlmOWYtYzdjMS00OTgwLThjMDctZWU4N2FkZjgyNTJiXkEyXkFqcGc@._V1_SX300.jpg","undefined","United States, Canada","6.5","undefined","","true"
"Final Destination 2","2003","Horror, Thriller","David R. Ellis","A.J. Cook, Ali Larter, Tony Todd","6.2","tt0309593","90 min","https://m.media-amazon.com/images/M/MV5BMjExMTMyODAzN15BMl5BanBnXkFtZTYwNjc5NDQ3._V1_SX300.jpg","undefined","United States, Canada","6","undefined","","true"
"Final Destination 3","2006","Horror, Thriller","James Wong","Mary Elizabeth Winstead, Ryan Merriman, Kris Lemche","5.9","tt0414982","93 min","https://m.media-amazon.com/images/M/MV5BMzI3NzE0MmEtYmFjZC00NTJhLWI4OWUtNGRmNDEwNGU3NzM0XkEyXkFqcGc@._V1_SX300.jpg","undefined","United States, Canada","5","undefined","","true"
"The Final Destination","2009","Horror, Thriller","David R. Ellis","Nick Zano, Krista Allen, Andrew Fiscella","5.1","tt1144884","82 min","https://m.media-amazon.com/images/M/MV5BYzY2YWViNDItNWM1NC00MGFhLTg1NzctMGIyYTMwYTk1MTdiXkEyXkFqcGc@._V1_SX300.jpg","undefined","United States","5","undefined","","true"
"Final Destination 5","2011","Horror, Thriller","Steven Quale","Nicholas D'Agosto, Emma Bell, Arlen Escarpeta","5.9","tt1622979","92 min","https://m.media-amazon.com/images/M/MV5BMTgyOTExNDc1M15BMl5BanBnXkFtZTcwMDA0MTA4NQ@@._V1_SX300.jpg","undefined","United States, Canada","5","undefined","","true"
"Final Destination: Bloodlines","2025","Horror","Zach Lipovsky, Adam B. Stein","Kaitlyn Santa Juana, Teo Briones, Rya Kihlstedt","7.0","tt9619824","110 min","https://m.media-amazon.com/images/M/MV5BMzc3OWFhZWItMTE2Yy00N2NmLTg1YTktNGVlNDY0ODQ5YjNlXkEyXkFqcGc@._V1_SX300.jpg","undefined","United States, Canada","5.5","undefined","","true"
"Black Bag","2025","Drama, Mystery, Romance","Steven Soderbergh","Michael Fassbender, Gustaf Skarsgård, Cate Blanchett","6.8","tt30988739","93 min","https://m.media-amazon.com/images/M/MV5BNzA1OWU4NDMtMDUxMC00NWI4LWJhYjUtYWQ0OGQ5MTc2NDRjXkEyXkFqcGc@._V1_SX300.jpg","undefined","United States","6","undefined","","true"
"Bruce Almighty","2003","Comedy, Fantasy","Tom Shadyac","Jim Carrey, Jennifer Aniston, Morgan Freeman","6.8","tt0315327","101 min","https://m.media-amazon.com/images/M/MV5BZWM2ZjA2OTctZmRhMy00ZDIzLTkwZGQtYTRlNmQwZWZmMDBlXkEyXkFqcGc@._V1_SX300.jpg","undefined","United States","6.5","undefined","","true"
"Nocturnal","2025","Crime, Drama, Thriller","Jin-hwang Kim","Kim Chan-hyung, Yoo Da-in, Park Jong-hwan","5.0","tt34574758","99 min","https://m.media-amazon.com/images/M/MV5BYmZiMjNjMGQtZmNlMS00M2Y0LWE0ZWYtN2M4NzI1Y2Y5NmNlXkEyXkFqcGc@._V1_SX300.jpg","undefined","South Korea","4","undefined","","true"
"Siopilos dromos","2021","Crime, Drama, Mystery","N/A","Penelope Tsilika, Dimitris Lalos, Christos Loulis","7.8","tt14395312","N/A","https://m.media-amazon.com/images/M/MV5BNmQ2NmE3MzItNmU5ZC00YzU2LTljMGEtYjI4ZDVlMGQ0YjI1XkEyXkFqcGc@._V1_SX300.jpg","1","Greece","5","done","","true"
"The First Omen","2024","Horror","Arkasha Stevenson","Nell Tiger Free, Ralph Ineson, Sonia Braga","6.5","tt5672290","119 min","https://m.media-amazon.com/images/M/MV5BNWU0ZjM1YjYtMGZkZi00NTBiLTgxMGItMzVhZDgyZTkyY2ZhXkEyXkFqcGc@._V1_SX300.jpg","undefined","United States, Italy, Serbia, Canada","4","undefined","","true"
"Headhunters","2011","Action, Crime, Thriller","Morten Tyldum","Aksel Hennie, Synnøve Macody Lund, Nikolaj Coster-Waldau","7.5","tt1614989","100 min","https://m.media-amazon.com/images/M/MV5BMjE4OTgzOTI2Nl5BMl5BanBnXkFtZTcwMjM5MDg0Nw@@._V1_SX300.jpg","undefined","Norway, Sweden, Denmark, Germany","7","undefined","","true"
"Counterpart","2017–2019","Drama, Sci-Fi, Thriller","N/A","J.K. Simmons, Olivia Williams, Harry Lloyd","8.0","tt4643084","60 min","https://m.media-amazon.com/images/M/MV5BODg5NDU5NjM1NV5BMl5BanBnXkFtZTgwOTE0NjY1NjM@._V1_SX300.jpg","2","United States","6.5","done","","true"
"War of the Worlds","2025","Adventure, Drama, Horror","Rich Lee","Ice Cube, Eva Longoria, Iman Benson","3.4","tt13186306","90 min","https://m.media-amazon.com/images/M/MV5BN2E1MjFhODEtNzE0ZC00NGMxLTliNDgtZDZmOTRhYWM5ODM4XkEyXkFqcGc@._V1_SX300.jpg","undefined","United States, Germany","4","undefined","","true"
"Firestorm","2013","Action, Crime, Thriller","Alan Yuen","Andy Lau, Chen Yao, Ka-Tung Lam","6.2","tt3341072","118 min","https://m.media-amazon.com/images/M/MV5BMTQ2Mjg1Mzg0OF5BMl5BanBnXkFtZTgwMTIyNjU4MDE@._V1_SX300.jpg","undefined","Hong Kong, China","5","undefined","","true"
"Happy Gilmore","1996","Comedy, Sport","Dennis Dugan","Adam Sandler, Christopher McDonald, Julie Bowen","7.0","tt0116483","92 min","https://m.media-amazon.com/images/M/MV5BMzMyZTM1MTMtNDdjOS00NzIzLTkxY2QtZTU4OGYxOTUwNDMxXkEyXkFqcGc@._V1_SX300.jpg","undefined","United States","4.5","undefined","","true"
"Wall to Wall","2025","Drama, Thriller","Kim Tae-joon, Sharon S. Park","Jennifer Aquino, Liz Burnette, Kang Ha-neul","5.9","tt32237537","118 min","https://m.media-amazon.com/images/M/MV5BM2Y1MjcwMWMtN2IyZi00MGIwLWFiM2YtZjkzZWE1NmJlMGFhXkEyXkFqcGc@._V1_SX300.jpg","undefined","South Korea","6","undefined","","true"
"God's Crooked Lines","2022","Drama, Mystery, Thriller","Oriol Paulo","Bárbara Lennie, Eduard Fernández, Loreto Mauleón","7.1","tt13229894","154 min","https://m.media-amazon.com/images/M/MV5BNzkzMGNiNDctZDJiYS00MzY3LTkyMTQtMTgzNzRmYjExNTNlXkEyXkFqcGc@._V1_SX300.jpg","undefined","Spain, France","8","undefined","Rating from memory","true"
"Adamas","2022","Drama, Mystery, Thriller","N/A","Ji Sung, Seo Ji-hye, Lee Soo-kyung","7.0","tt21195588","N/A","https://m.media-amazon.com/images/M/MV5BMzQ5OGM2MTctYjA5ZS00ZWNhLWIzODgtZGU4MjhmZmQ1MDMwXkEyXkFqcGc@._V1_SX300.jpg","1","South Korea","6","done","","true"
"Bring Her Back","2025","Horror, Mystery","Danny Philippou, Michael Philippou","Billy Barratt, Sally Hawkins, Mischa Heywood","7.2","tt32246771","104 min","https://m.media-amazon.com/images/M/MV5BZTlhYTk1ZTEtOWY3NC00NWQ5LTlkOTctNjQ3ZDYyZGE5ZWNlXkEyXkFqcGc@._V1_SX300.jpg","undefined","Australia","6","undefined","","true"
"Black Mirror","2011–","Crime, Drama, Mystery","N/A","Anjana Vasan, Cristin Milioti, Jimmi Simpson","8.7","tt2085059","60 min","https://m.media-amazon.com/images/M/MV5BODcxMWI2NDMtYTc3NC00OTZjLWFmNmUtM2NmY2I1ODkxYzczXkEyXkFqcGc@._V1_SX300.jpg","7","United Kingdom","8.5","undecided","","true"
"Wednesday","2022–","Comedy, Crime, Fantasy","N/A","Jenna Ortega, Hunter Doohan, Emma Myers","8.0","tt13443470","N/A","https://m.media-amazon.com/images/M/MV5BMDE1NjNmZjgtZTg0OC00NjkxLWEzYzItMDNkMTc3YjgxZWQyXkEyXkFqcGc@._V1_SX300.jpg","3","United States","7.5","in-progress","","true"
"Berlin Station","2016–2019","Action, Drama, Mystery","N/A","Leland Orser, Michelle Forbes, Mina Tander","7.6","tt5191110","60 min","https://m.media-amazon.com/images/M/MV5BZDlmODM1ZDktNDc3MC00MmRhLWEyOGUtZmU1Y2VjNTdkMTlmXkEyXkFqcGc@._V1_SX300.jpg","3","United States, Germany","6","done","","true"
"Holy Night: Demon Hunters","2025","Action, Fantasy, Horror","Lim Dae-hee","Ma Dong-seok, Seohyun, Mitch Craig","4.9","tt15766876","91 min","https://m.media-amazon.com/images/M/MV5BZDZhYjUwMTUtNTcyZS00MWNkLWI3NGItMDZlZGNmMjQxYTQ2XkEyXkFqcGc@._V1_SX300.jpg","undefined","South Korea","5","undefined","","true"
"Noise","2024","Horror, Thriller","Kim Soo-jin","Lee Sun-bin, Ryu Kyung-soo, Jeon Ik-ryeong","N/A","tt29845247","N/A","https://m.media-amazon.com/images/M/MV5BNWExNmIxOTYtNjBmNC00MzRkLWFlYzYtZDJkNGFhYmFjYWY2XkEyXkFqcGdeQXVyMTE1NjQ3NzU@._V1_SX300.jpg","undefined","South Korea","4","undefined","","true"
"High Five","2025","Action, Adventure, Comedy","Kang Hyoung-chul","Oh Jung-se, Park Jin-young, Yoo Ah-in","N/A","tt14044924","119 min","https://m.media-amazon.com/images/M/MV5BMTM1NWQ3ZGYtNzI3Ni00MTFjLWIxMGEtNjQzMTZiMWQ1NGM4XkEyXkFqcGc@._V1_SX300.jpg","undefined","South Korea","6","undefined","","true"
"Heads of State","2025","Action, Comedy, Thriller","Ilya Naishuller","Idris Elba, John Cena, Priyanka Chopra Jonas","6.4","tt13357520","116 min","https://m.media-amazon.com/images/M/MV5BYWFmNjg0ZGMtZmI5OC00YTAwLWFiMmMtOWRkNzQ0OTE1YWEwXkEyXkFqcGc@._V1_SX300.jpg","undefined","United States","5","undefined","","true"
"Julia's Eyes","2010","Horror, Mystery, Thriller","Guillem Morales","Belén Rueda, Lluís Homar, Pablo Derqui","6.7","tt1512685","118 min","https://m.media-amazon.com/images/M/MV5BYTdkNGZiNTItNzI0Yi00YzIxLThkNWUtMzYzZDBjMDUyMzU0XkEyXkFqcGc@._V1_SX300.jpg","undefined","Spain, Mexico","6.5","undefined","","true"
"I Saw the Devil","2010","Action, Thriller","Kim Jee-woon","Lee Byung-hun, Choi Min-sik, Jeon Gook-hwan","7.8","tt1588170","144 min","https://m.media-amazon.com/images/M/MV5BM2Q1ZGZiNTYtMWNjOC00NmU2LTg1MDQtZGZkNmY0Y2RlOTBmXkEyXkFqcGc@._V1_SX300.jpg","undefined","South Korea","6.5","undefined","","true"
"A House of Dynamite","2025","Drama, Thriller","Kathryn Bigelow","Rebecca Ferguson, Anthony Ramos, Idris Elba","7.2","tt32376165","112 min","https://m.media-amazon.com/images/M/MV5BNjAzMjQ4YTUtOGI1Yy00YTFkLTlkMDQtMDEwOWNjYmE3MTU1XkEyXkFqcGc@._V1_SX300.jpg","undefined","United States","5","undefined","","true"
"The Bondsman","2025","Action, Drama, Horror","N/A","Kevin Bacon, Jennifer Nettles, Beth Grant","7.0","tt28256288","N/A","https://m.media-amazon.com/images/M/MV5BZjczOGY5MzEtYWJiNS00ZDQyLThhNzAtZTVhMTkxOWI3MjczXkEyXkFqcGc@._V1_SX300.jpg","1","United States","7","undecided","","true"
"Edge of Tomorrow","2014","Action, Adventure, Sci-Fi","Doug Liman","Tom Cruise, Emily Blunt, Bill Paxton","7.9","tt1631867","113 min","https://m.media-amazon.com/images/M/MV5BMTc5OTk4MTM3M15BMl5BanBnXkFtZTgwODcxNjg3MDE@._V1_SX300.jpg","undefined","United States, Canada, India","7","undefined","","true"
"Karma","2025–","Crime, Drama, Thriller","N/A","Park Hae-soo, Shin Min-a, Lee Kwang-soo","7.6","tt29921070","N/A","https://m.media-amazon.com/images/M/MV5BM2MxOWNmOTUtM2U1MS00MmViLTg5NjgtYmM5YmQxOWM0NjRiXkEyXkFqcGc@._V1_SX300.jpg","1","South Korea","7","done","","true"
"The Conjuring: Last Rites","2025","Horror, Mystery, Thriller","Michael Chaves","Vera Farmiga, Patrick Wilson, Elliot Cowan","6.3","tt22898462","135 min","https://m.media-amazon.com/images/M/MV5BM2VmMzRkYzgtMzg2ZC00OTFkLTkwMTYtNTMxNjM2YzI1MjgyXkEyXkFqcGc@._V1_SX300.jpg","undefined","United States, United Kingdom, Canada","6","undefined","","true"
"Frankenstein","2025","Drama, Fantasy, Horror","Guillermo del Toro","Mia Goth, Burn Gorman, Charles Dance","7.7","tt1312221","149 min","https://m.media-amazon.com/images/M/MV5BYzYzNDYxMTQtMTU4OS00MTdlLThhMTQtZjI4NGJmMTZmNmRiXkEyXkFqcGc@._V1_SX300.jpg","undefined","Mexico, United States","7","undefined","","true"
"Unbreakable","2000","Drama, Mystery, Sci-Fi","M. Night Shyamalan","Bruce Willis, Samuel L. Jackson, Robin Wright","7.3","tt0217869","106 min","https://m.media-amazon.com/images/M/MV5BZWNmMGYwMDQtNGIxMS00MzMzLTlhNmItYzllN2M2M2EwMTZmXkEyXkFqcGc@._V1_SX300.jpg","undefined","United States","6","undefined","","true"
"Lazarus","2025–","Mystery, Thriller","N/A","Sam Claflin, Bill Nighy, Alexandra Roach","6.2","tt31186865","N/A","https://m.media-amazon.com/images/M/MV5BODk3NWMyZGUtNWQ3NS00ZDhlLTkzY2MtZmU5YmI5YzA4MmEwXkEyXkFqcGc@._V1_SX300.jpg","1","United States","6","status","","true"
"Hannibal","2013–2015","Crime, Drama, Horror","N/A","Hugh Dancy, Mads Mikkelsen, Caroline Dhavernas","8.5","tt2243973","44 min","https://m.media-amazon.com/images/M/MV5BNjBmYjdiMzItNTEwNi00YTI2LTg4YjctOTRjNDYxNTUxNGQ1XkEyXkFqcGc@._V1_SX300.jpg","3","United States","6.5","status","Based on s1","true"
"Along With the Gods: The Two Worlds","2017","Action, Adventure, Drama","Kim Yong-hwa","Ha Jung-woo, Cha Tae-hyun, Ju Ji-hoon","7.2","tt7160070","139 min","https://m.media-amazon.com/images/M/MV5BOTM0NWVlNzctNjdjMC00OTZmLTlkMjMtYWI2MGM5N2RkZjk1XkEyXkFqcGc@._V1_SX300.jpg","undefined","South Korea","7","undefined","","true"
"Along With the Gods: The Last 49 Days","2018","Action, Adventure, Drama","Kim Yong-hwa","Ha Jung-woo, Ju Ji-hoon, Kim Hyang-gi","7.1","tt8116428","142 min","https://m.media-amazon.com/images/M/MV5BZDZjZDJhMTUtNmM5ZC00MzE4LTljZWEtNjFlODYzM2JhMjBiXkEyXkFqcGc@._V1_SX300.jpg","undefined","South Korea, Hong Kong","6.5","undefined","","true"
"Lucky Winners","2024","Comedy","Romain Choay, Maxime Govare","Fabrice Eboué, Audrey Lamy, Anouk Grinberg","N/A","tt28444113","103 min","https://m.media-amazon.com/images/M/MV5BZTY5ZjVlOWYtYzMzMS00N2E0LTgzMTMtZmM0ZjIwZDhhYTAwXkEyXkFqcGc@._V1_SX300.jpg","undefined","France","5.5","undefined","","true"
"A Widow's Game","2025","Crime, Drama, Mystery","Carlos Sedes","Carmen Machi, Ivana Baquero, Tristán Ulloa","6.2","tt33474172","122 min","https://m.media-amazon.com/images/M/MV5BNDAxYTVmMTYtOGYzYi00YjFkLTkyMGEtMzc0MTUzZmY3YzFjXkEyXkFqcGc@._V1_SX300.jpg","undefined","Spain","6","undefined","","true"
"Last Samurai Standing","2025–","Action, Drama, History","N/A","Taichi Saotome, Jun'ichi Okada, Yumia Fujisaki","7.5","tt32237534","N/A","https://m.media-amazon.com/images/M/MV5BODAxNWYyOTgtN2YyMS00MzU1LWFkNzYtYmQyYmJjMGQ2ZGM0XkEyXkFqcGc@._V1_SX300.jpg","1","Japan","8","in-progress","","true"
"Black Phone 2","2025","Horror","Scott Derrickson","Ethan Hawke, Mason Thames, Madeleine McGraw","6.2","tt29644189","114 min","https://m.media-amazon.com/images/M/MV5BMTVjMzNmZGYtOWU5NS00NDYzLThhZTktZGNlODIwYWVhMDRmXkEyXkFqcGc@._V1_SX300.jpg","undefined","United States, Canada","6","undefined","","true"
"The Blackout","2019","Action, Sci-Fi, Thriller","Egor Baranov","Aleksey Chadov, Pyotr Fyodorov, Svetlana Ivanova","6.0","tt8664988","127 min","https://m.media-amazon.com/images/M/MV5BNmVkMWE0Y2EtM2Q2My00MjM5LTkwOTctMWE2NTgyYzA0MjRkXkEyXkFqcGc@._V1_SX300.jpg","undefined","Russia","6","undefined","","true"
"Man vs Baby","2025–","Comedy, Family","N/A","N/A","N/A","tt35047134","N/A","N/A","1","United Kingdom","6","done","","true"
